{"file_name": "PACE DEVELOP/29361461.pdf", "file": {"file_sent_from": "CSC Corporation", "file_name": null, "file_category_type": "Lawsuit"}, "lawsuit_service": [{"lawsuit_summons_date": "06/11/2024", "lawsuit_file_date": "06/11/2024", "lawsuit_discovery_included": "NO", "lawsuit_is_multi_district": null, "lawsuit_company_served": "Commerce Pump LLC", "lawsuit_administrative": "FALSE", "lawsuit_harmful_material": "ASBESTOS", "lawsuit_service_date": "06/20/2024", "lawsuit_received_date": "06/21/2024", "lawsuit_answer_due_days": "20", "lawsuit_answer_due_date": "07/10/2024", "lawsuit_amendment_number": null, "lawsuit_third_party_company": null, "lawsuit_case_caption": "ANDREW DIGIUGNO and SUE DIGIUGNO, Plaintiffs, vs. AERCO INTERNATIONAL, INC.", "lawsuit_jurisdiction": "NEW YORK", "lawsuit_damage_descriptions": "Personal Injury", "lawsuit_jurisdiction_state": "NY", "lawsuit_docket_number": "1901632024", "lawsuit_allegation": "Product", "lawsuit_tender_date": null, "counsel": [{"counsel_firm_name": "WEITZ & LUXENBERG, P.C.", "counsel_name_of_attorney": "CHRIS ROMANELLI", "counsel_type": "Local Plaintiff Counsel", "counsel_primary": "Yes"}], "injured_party": [{"injured_party_last_name": "DIGIUGNO", "injured_party_first_name": "ANDREW", "injured_party_suffix": null, "injured_party_gender": "Male", "injured_party_plaintiff_type": "Individual", "injured_party_marital_status": "UNKNOWN", "injured_party_birth_date": null, "plaintiff": [{"plaintiff_first_name": "ANDREW", "plaintiff_last_name": "DIGIUGNO", "plaintiff_suffix": null, "lead_plaintiff_yn": "YES", "plaintiff_legal_capacity": "SELF", "plaintiff_ssn": null, "plaintiff_street": null, "plaintiff_city": null, "plaintiff_state": null, "plaintiff_zip": null, "plaintiff_zip_extension": null, "plaintiff_middle_name": null, "plaintiff_phone_number": null, "plaintiff_phone_number_extension": null}, {"plaintiff_first_name": "SUE", "plaintiff_last_name": "DIGIUGNO", "plaintiff_suffix": null, "lead_plaintiff_yn": "NO", "plaintiff_legal_capacity": "SPOUSE", "plaintiff_ssn": null, "plaintiff_street": null, "plaintiff_city": null, "plaintiff_state": null, "plaintiff_zip": null, "plaintiff_zip_extension": null, "plaintiff_middle_name": null, "plaintiff_phone_number": null, "plaintiff_phone_number_extension": null}], "occupation_exposure": [], "diagnosis": [{"diagnosis_disease_name": "ASBESTOSIS", "diagnosis_disease_category": "NON-MALIGNANT", "diagnosis_date": "06/11/2024", "diagnosis_disease_source": "Plaintiff Disease", "diagnosis_is_primary": "YES"}, {"diagnosis_disease_name": "LUNG CANCER", "diagnosis_disease_category": "LUNG CANCER", "diagnosis_date": "06/11/2024", "diagnosis_disease_source": "Plaintiff Disease", "diagnosis_is_primary": "NO"}, {"diagnosis_disease_name": "MESOTHELIOMA", "diagnosis_disease_category": "MESOTHELIOMA", "diagnosis_date": "06/11/2024", "diagnosis_disease_source": "Plaintiff Disease", "diagnosis_is_primary": "NO"}], "physician": [{"physician_first_name": null, "physician_middle_name": null, "physician_last_name": null, "physician_suffix": null, "physician_role": null, "physician_specialty": null, "date_of_physician_s_report": null, "date_of_physician_s_deposition": null, "physician_is_primary": "FALSE"}], "tobacco": [{"tobacco_type": null, "tobacco_start_date": null, "tobacco_end_date": null, "tobacco_packs_per_day": null, "tobacco_is_primary": null, "tobacco_comment": null}], "product_exposure": [], "related_party": [{"related_party_last_name": "DIGIUGNO", "related_party_first_name": "ANDREW", "related_party_middle_name": null, "related_party_suffix": null, "related_party_relationship": null, "related_party_legal_capacity": null, "related_party_SSN": null, "related_party_birth_date": null}], "injured_party_death_date": null, "injured_party_street": null, "injured_party_city": null, "injured_party_state": null, "injured_party_zip": null, "injured_party_zip_ext": null, "injured_party_SSN": null, "injured_party_middle_name": null, "injured_party_is_loss_of_consortium_claimed": "No", "injured_party_is_wrongful_death_claimed": "NO", "injured_party_individual_docket_number": null, "injured_party_military_member": null, "injured_party_phone_no": null, "injured_party_phone_no_ext": null, "injured_party_deceased": "UNKNOWN"}], "defendant_namings": [{"defendant_company": "AERCO INTERNATIONAL, INC.", "defendant_parent": null}, {"defendant_company": "AIR & LIQUID SYSTEMS CORPORATION, as successor-by-merger to BUFFALO PUMPS, INC.", "defendant_parent": null}, {"defendant_company": "AMCHEM PRODUCTS, INC., n/k/a RHONE POULENC AG COMPANY, n/k/a BAYER CROPSCIENCE INC.", "defendant_parent": null}, {"defendant_company": "BLACKMER", "defendant_parent": null}, {"defendant_company": "BMCE INC., f/k/a UNITED CENTRIFUGAL PUMP", "defendant_parent": null}, {"defendant_company": "BW/IP, INC. AND ITS WHOLLY OWNED SUBSIDIARIES", "defendant_parent": null}, {"defendant_company": "CLEAVER-BROOKS, INC.", "defendant_parent": null}, {"defendant_company": "CLYDE UNION, INC.", "defendant_parent": null}, {"defendant_company": "COMMERCE PUMP LLC, Individually and as Successor in interest to ROPER PUMPS", "defendant_parent": null}, {"defendant_company": "CROSBY VALVE LLC", "defendant_parent": null}, {"defendant_company": "ELECTROLUX HOME PRODUCTS, INC. Individually, and as Successor to Tappan and Copes-Vulcan", "defendant_parent": null}, {"defendant_company": "FLOWSERVE US, INC. Individually and successor to Rockwell Manufacturing Company, Edward Valve, Inc., Nordstrom Valves, Inc., Edward Vogt Valve Company, and Vogt Valve Company", "defendant_parent": null}, {"defendant_company": "FMC CORPORATION, on behalf of its former CHICAGO PUMP & NORTHERN PUMP BUSINESSES", "defendant_parent": "FMC CORPORATION"}, {"defendant_company": "FOSTER WHEELER, L.L.C.", "defendant_parent": null}, {"defendant_company": "G. DENVER and CO., LLC", "defendant_parent": null}, {"defendant_company": "GENERAL ELECTRIC COMPANY", "defendant_parent": null}, {"defendant_company": "GOULDS PUMPS LLC", "defendant_parent": null}, {"defendant_company": "HOWDEN BUFFALO, INC., as successor in interest to BUFFALO FORGE COMPANY, as successor by merger to BUFFALO PUMPS", "defendant_parent": null}, {"defendant_company": "IMO INDUSTRIES, INC.", "defendant_parent": null}, {"defendant_company": "ITT LLC., Individually and as successor to BELL & GOSSETT and as successor to KENNEDY VALVE MANUFACTURING CO., Inc.", "defendant_parent": null}, {"defendant_company": "KAISER GYPSUM COMPANY, INC.", "defendant_parent": null}, {"defendant_company": "MORSE TEC LLC, f/k/a BORG WARNER MORSE TEC LLC and Successor-by-Merger to BORG-WARNER CORPORATION", "defendant_parent": null}, {"defendant_company": "PARAMOUNT GLOBAL, f/k/a VIACOMCBS Inc., f/k/a CBS CORPORATION, a Delaware Corporation, f/k/a/VIACOM INC., successor by merger to CBS CORPORATION, a PENNSYLVANIA CORPORATION, f/k/a WESTINGHOUSE ELECTRIC CORPORATION", "defendant_parent": null}, {"defendant_company": "PFIZER, INC. (PFIZER)", "defendant_parent": null}, {"defendant_company": "REDCO CORPORATION f/k/a CRANE CO.", "defendant_parent": null}, {"defendant_company": "RILEY POWER INC", "defendant_parent": null}, {"defendant_company": "ROPER PUMP COMPANY", "defendant_parent": "COMMERCE PUMP LLC"}, {"defendant_company": "U.S. RUBBER COMPANY (UNIROYAL)", "defendant_parent": null}, {"defendant_company": "UNION CARBIDE CORPORATION", "defendant_parent": null}, {"defendant_company": "VIKING PUMP, INC.", "defendant_parent": "IDEX CORPORATION"}, {"defendant_company": "WARREN PUMPS, LLC", "defendant_parent": null}], "jurisdiction": "unknown"}]}