{"file_name": "PACE DEVELOP/29732104.pdf", "file": {"file_category_type": "Lawsuit", "log_number": "29732104", "file_sent_from": "CSC Corporation"}, "lawsuit_service": [{"lawsuit_file_date": "05/14/2024", "lawsuit_service_date": "08/20/2024", "lawsuit_received_date": "08/20/2024", "lawsuit_answer_due_days": "30", "lawsuit_answer_due_date": "09/19/2024", "lawsuit_tender_date": null, "lawsuit_allegation": "Product", "lawsuit_third_party_company": null, "lawsuit_company_served": "Cleaver-Brooks, Inc.", "lawsuit_harmful_material": "ASBESTOS", "lawsuit_discovery_included": "NO", "lawsuit_amendment_number": "1", "lawsuit_summons_date": "08/06/2024", "lawsuit_damage_descriptions": "Personal Injury", "lawsuit_is_multi_district": null, "lawsuit_case_caption": "Gaetan Boudreau, Plaintiff, vs. Air & Liquid Systems Corporation", "lawsuit_administrative": "FALSE", "lawsuit_jurisdiction": "MADISON", "lawsuit_jurisdiction_state": "IL", "lawsuit_docket_number": "2024LA000666", "counsel": [{"counsel_firm_name": "SWMW Law, LLC", "counsel_name_of_attorney": "Benjamin R Schmickle", "counsel_type": "Local Plaintiff Counsel", "counsel_primary": "Yes"}], "injured_party": [{"injured_party_last_name": "BOUDREAU", "injured_party_first_name": "GAETAN", "injured_party_suffix": null, "injured_party_gender": "Male", "injured_party_plaintiff_type": "Individual", "injured_party_marital_status": "UNKNOWN", "injured_party_birth_date": null, "plaintiff": [{"plaintiff_first_name": "GAETAN", "plaintiff_last_name": "BOUDREAU", "plaintiff_suffix": null, "lead_plaintiff_yn": "YES", "plaintiff_legal_capacity": "SELF", "plaintiff_ssn": null, "plaintiff_street": null, "plaintiff_city": null, "plaintiff_state": null, "plaintiff_zip": null, "plaintiff_zip_extension": null, "plaintiff_middle_name": "empty string", "plaintiff_phone_number": null, "plaintiff_phone_number_extension": null}], "occupation_exposure": [{"occupation_title": "AUTOMOTIVE REPAIRMAN", "occupation_jobsite": "UNKNOWN", "occupation_jobsite_category": null, "occupation_jobsite_city": "UNKNOWN", "occupation_start_date": "01/01/1960", "occupation_end_date": "12/31/1999", "occupation_is_primary": "YES"}, {"occupation_title": "MILLWRIGHT", "occupation_jobsite": "CANADIAN PACIFIC RAILWAY", "occupation_jobsite_category": "OTHER", "occupation_jobsite_city": "QUEBEC, CANADA", "occupation_start_date": "01/01/1971", "occupation_end_date": "12/31/2004", "occupation_is_primary": "NO"}], "diagnosis": [{"diagnosis_disease_name": "MESOTHELIOMA", "diagnosis_disease_category": "MESOTHELIOMA", "diagnosis_date": "01/09/2024", "diagnosis_disease_source": "Plaintiff Disease", "diagnosis_is_primary": "YES"}, {"diagnosis_disease_name": "ASBESTOSIS", "diagnosis_disease_category": "ASBESTOSIS", "diagnosis_date": null, "diagnosis_disease_source": "Plaintiff Disease", "diagnosis_is_primary": "NO"}, {"diagnosis_disease_name": null, "diagnosis_disease_category": null, "diagnosis_date": null, "diagnosis_disease_source": null, "diagnosis_is_primary": null}], "physician": [{"physician_first_name": "Anthony", "physician_middle_name": "J", "physician_last_name": "Lanza", "physician_suffix": null, "physician_role": "Undetermined", "physician_specialty": "UNKNOWN", "date_of_physician_s_report": null, "date_of_physician_s_deposition": null, "physician_is_primary": "FALSE"}, {"physician_first_name": "Benjamin", "physician_middle_name": "R", "physician_last_name": "Schmickle", "physician_suffix": null, "physician_role": "Retained", "physician_specialty": "UNKNOWN", "date_of_physician_s_report": "05/14/2024", "date_of_physician_s_deposition": null, "physician_is_primary": "FALSE"}, {"physician_first_name": "Matthew", "physician_middle_name": "C", "physician_last_name": "Morris", "physician_suffix": null, "physician_role": "Retained", "physician_specialty": "UNKNOWN", "date_of_physician_s_report": "05/14/2024", "date_of_physician_s_deposition": null, "physician_is_primary": "FALSE"}], "tobacco": [{"tobacco_type": null, "tobacco_start_date": null, "tobacco_end_date": null, "tobacco_packs_per_day": null, "tobacco_is_primary": null, "tobacco_comment": null}], "product_exposure": [], "related_party": [{"related_party_last_name": null, "related_party_first_name": null, "related_party_middle_name": null, "related_party_suffix": null, "related_party_relationship": null, "related_party_legal_capacity": null, "related_party_SSN": null, "related_party_birth_date": null}], "injured_party_death_date": null, "injured_party_street": null, "injured_party_city": null, "injured_party_state": null, "injured_party_zip": null, "injured_party_zip_ext": null, "injured_party_SSN": null, "injured_party_middle_name": null, "injured_party_is_loss_of_consortium_claimed": "No", "injured_party_is_wrongful_death_claimed": "NO", "injured_party_individual_docket_number": null, "injured_party_military_member": null, "injured_party_phone_no": null, "injured_party_phone_no_ext": null, "injured_party_deceased": "UNKNOWN"}], "defendant_namings": [{"defendant_company": "AIR & LIQUID SYSTEMS CORPORATION, Successor-by-Merger to BUFFALO PUMPS, INC.", "defendant_parent": null}, {"defendant_company": "AMERICAN OPTICAL CORPORATION", "defendant_parent": null}, {"defendant_company": "AR WILFLEY AND SONS, INC.", "defendant_parent": null}, {"defendant_company": "ARMSTRONG PUMPS, INC.", "defendant_parent": null}, {"defendant_company": "ATWOOD & MORRILL as Successor-in-Interest to WEIR VALVES AND CONTROLS USA Inc.", "defendant_parent": null}, {"defendant_company": "CAMERON INTERNATIONAL CORPORATION", "defendant_parent": null}, {"defendant_company": "CHATTEM, INC., Individually and Successor in Interest to GOLD BOND DELAVAL, INC.", "defendant_parent": null}, {"defendant_company": "CLARK-RELIANCE CORPORATION", "defendant_parent": null}, {"defendant_company": "CLEAVER-BROOKS, a division of AQUA-CHEM INC.", "defendant_parent": "CLEAVER BROOKS INC"}, {"defendant_company": "COEN COMPANY, INC.", "defendant_parent": null}, {"defendant_company": "CRANE CO.", "defendant_parent": "REDCO CORPORATION"}, {"defendant_company": "CROWN BOILER CO.", "defendant_parent": null}, {"defendant_company": "CROWN, CORK & SEAL USA, INC.", "defendant_parent": null}, {"defendant_company": "CUMMINS, INC.", "defendant_parent": null}, {"defendant_company": "DAIMLER TRUCKS NORTH AMERICA, LLC, Individually and as Successor-in-Interest to Freightliner, LLC, White Motor Co., Euclid Inc., and the Autocar Company", "defendant_parent": null}, {"defendant_company": "DANFOSS, LLC", "defendant_parent": null}, {"defendant_company": "DAP, INC., k/n/a LA MIRADA PRODUCTS CO., INC.", "defendant_parent": null}, {"defendant_company": "ELECTROLUX HOME PRODUCTS, INC.", "defendant_parent": null}, {"defendant_company": "FLOWSERVE CORPORATION f/k/a THE DURIRON COMPANY, INC.", "defendant_parent": null}, {"defendant_company": "FLOWSERVE US, INC., Solely as Successor to ROCKWELL MANUFACTURING COMPANY", "defendant_parent": null}, {"defendant_company": "EDWARD VALVES, INC.", "defendant_parent": "FLOWSERVE US INC. (INVENSYS)"}, {"defendant_company": "MCCANNA CORPORATION", "defendant_parent": "FLOWSERVE US INC. (INVENSYS)"}, {"defendant_company": "NORDSTROM VALVES, INC.", "defendant_parent": "FLOWSERVE US INC. (INVENSYS)"}, {"defendant_company": "FMC CORPORATION", "defendant_parent": null}, {"defendant_company": "Fort Kent Holdings, Inc. (f/k/a Dunham-Bush, Inc.)", "defendant_parent": null}, {"defendant_company": "FOSTER WHEELER, LLC as survivor to the merger of FOSTER WHEELER CORPORATION", "defendant_parent": null}, {"defendant_company": "GARDNER DENVER, INC.", "defendant_parent": null}, {"defendant_company": "GENERAL ELECTRIC COMPANY", "defendant_parent": null}, {"defendant_company": "GENUINE PARTS COMPANY, d/b/a NATIONAL AUTOMOTIVE PARTS ASSOCIATION a/k/a NAPA", "defendant_parent": null}, {"defendant_company": "GRINNELL LLC", "defendant_parent": null}, {"defendant_company": "GREENE TWEED & CO, INC.", "defendant_parent": null}, {"defendant_company": "THE GORMAN RUPP COMPANY", "defendant_parent": null}, {"defendant_company": "GOULDS PUMPS LLC", "defendant_parent": null}, {"defendant_company": "HERCULES, LLC", "defendant_parent": null}, {"defendant_company": "IMO INDUSTRIES INC., INDIVIDUALLY AND AS SUCCESSOR-IN-INTEREST TO DELAVAL STEAM TURBINE COMPANY", "defendant_parent": null}, {"defendant_company": "ITT LLC", "defendant_parent": null}, {"defendant_company": "JANSSEN PHARMACEUTICALS, INC., individually and as Successor-in-Interest to Johnson & Johnson subsidiaries named Johnson & Johnson Consumer Inc.", "defendant_parent": null}, {"defendant_company": "JENKINS BROS.", "defendant_parent": null}, {"defendant_company": "JOHN CRANE, INC.", "defendant_parent": null}, {"defendant_company": "JOHNSON & JOHNSON", "defendant_parent": null}, {"defendant_company": "JOHNSON & JOHNSON CONSUMER INC., individually and as successor-in-interest, parent, alter ego, and equitable trustee of Johnson & Johnson, Inc. and Johnson & Johnson Baby Products Company", "defendant_parent": null}, {"defendant_company": "JOHNSON & JOHNSON HOLDCO (NA) INC., f/k/a Johnson & Johnson Consumer Inc.", "defendant_parent": null}, {"defendant_company": "JOHNSON CONTROLS, INC.", "defendant_parent": null}, {"defendant_company": "KENVUE INC., individually and as successor in interest to Johnson & Johnson Consumer Inc.", "defendant_parent": null}, {"defendant_company": "KOHLER, CO.", "defendant_parent": null}, {"defendant_company": "LENNOX INDUSTRIES, INC.", "defendant_parent": null}, {"defendant_company": "LTL Management, LLC, as successor to JOHNSON & JOHNSON", "defendant_parent": null}, {"defendant_company": "MACK TRUCKS, INC.", "defendant_parent": null}, {"defendant_company": "MCKESSON CORPORATION", "defendant_parent": null}, {"defendant_company": "METALLO GASKET CO.", "defendant_parent": null}, {"defendant_company": "METROPOLITAN LIFE INSURANCE CO.", "defendant_parent": null}, {"defendant_company": "MILWAUKEE VALVE COMPANY, INC.", "defendant_parent": null}, {"defendant_company": "MINE SAFETY APPLIANCES COMPANY", "defendant_parent": null}, {"defendant_company": "MORSE TEC, LLC F/K/A BORGWARNER MORSE TEC, LLC and Successor-in-interest to BORGWARNER CORPORATION", "defendant_parent": null}, {"defendant_company": "MUELLER CO. LLC", "defendant_parent": null}, {"defendant_company": "PACCAR INC.", "defendant_parent": null}, {"defendant_company": "PARAMOUNT GLOBAL, f/k/a VIACOMCBS INC., f/k/a CBS CORPORATION, a Delaware corporation, f/k/a/ VIACOM INC., successor by merger to CBS CORPORATION, a Pennsylvania Corporation, f/k/a WESTINGHOUSE ELECTRIC CORPORATION", "defendant_parent": null}, {"defendant_company": "PFIZER, INC.", "defendant_parent": null}, {"defendant_company": "PNEUMO ABEX, LLC, as Successor-in-Interest to ABEX CORPORATION", "defendant_parent": null}, {"defendant_company": "PNEUMO ABEX, LLC as successor-in-Interest to WAUKESHA FOUNDRY", "defendant_parent": null}, {"defendant_company": "REDCO CORPORATION, F/K/A CRANE CO.", "defendant_parent": null}, {"defendant_company": "RHEEM MANUFACTURING COMPANY", "defendant_parent": null}, {"defendant_company": "RITE ENGINEERING & MANUFACTURING CORPORATION", "defendant_parent": null}, {"defendant_company": "SAINT-GOBAIN ABRASIVES, INC.", "defendant_parent": null}, {"defendant_company": "SCHNEIDER ELECTRIC USA INC, INDIVIDUALLY AND AS SUCCESSOR-IN-INTEREST TO SQUARE D COMPANY", "defendant_parent": null}, {"defendant_company": "SPIRAX SARCO, INC.", "defendant_parent": null}, {"defendant_company": "SUPERIOR BOILER WORKS, INC.", "defendant_parent": null}, {"defendant_company": "SPX CORPORATION, on behalf of WAUKESHA PUMPS", "defendant_parent": null}, {"defendant_company": "TACO, INC.", "defendant_parent": null}, {"defendant_company": "TLV CORPORATION", "defendant_parent": null}, {"defendant_company": "TKD INC., as Successor-in-Interest to JOHNSTON PUMP COMPANY", "defendant_parent": null}, {"defendant_company": "VANDERBILT MINERALS, LLC F/K/A R.T. VANDERBILT COMPANY, INC.", "defendant_parent": "VANDERBILT MINERALS, LLC"}, {"defendant_company": "VELAN VALVE CORP.", "defendant_parent": null}, {"defendant_company": "VIKING PUMP, INC.", "defendant_parent": "IDEX CORPORATION"}, {"defendant_company": "WARREN PUMPS, LLC., Individually and as Successor-in-Interest to The Quimby Pump Company", "defendant_parent": null}, {"defendant_company": "WARREN PUMPS, LLC., f/k/a WARREN PUMPS, INC.", "defendant_parent": null}, {"defendant_company": "WELCO MANUFACTURING COMPANY", "defendant_parent": null}], "jurisdiction": "unknown"}]}