{"file_name": "PACE DEVELOP/29873815.pdf", "file": {"log_number": "29873815", "file_category_type": "Lawsuit", "file_sent_from": "CT Corporation"}, "lawsuit_service": [{"lawsuit_third_party_company": null, "lawsuit_summons_date": "04/19/2024", "lawsuit_harmful_material": "ASBESTOS", "lawsuit_jurisdiction": "NEW YORK", "lawsuit_amendment_number": "2", "lawsuit_allegation": "Product", "lawsuit_damage_descriptions": "Personal Injury", "lawsuit_company_served": "A.O. SMITH WATER PRODUCTS COMPANY", "lawsuit_docket_number": "1901142024", "lawsuit_tender_date": null, "lawsuit_file_date": "04/17/2024", "lawsuit_service_date": "09/12/2024", "lawsuit_received_date": "09/13/2024", "lawsuit_answer_due_days": "30", "lawsuit_answer_due_date": "10/12/2024", "lawsuit_is_multi_district": null, "lawsuit_discovery_included": "YES", "lawsuit_administrative": false, "lawsuit_case_caption": "BENJAMIN DIODATI and JANET DIODATI, vs. A.O. SMITH WATER PRODUCTS COMPANY", "lawsuit_jurisdiction_state": "NY", "counsel": [{"counsel_firm_name": "PHILLIPS & PAOLICELLI, LLP", "counsel_name_of_attorney": "Daniel J Woodard", "counsel_type": "Local Plaintiff Counsel", "counsel_primary": "Yes"}], "injured_party": [{"injured_party_last_name": "DIODATI", "injured_party_first_name": "BENJAMIN", "injured_party_suffix": null, "injured_party_gender": "Male", "injured_party_plaintiff_type": "Individual", "injured_party_marital_status": "UNKNOWN", "injured_party_birth_date": null, "plaintiff": [{"plaintiff_first_name": "BENJAMIN", "plaintiff_last_name": "DIODATI", "plaintiff_suffix": null, "lead_plaintiff_yn": "YES", "plaintiff_legal_capacity": "SELF", "plaintiff_ssn": null, "plaintiff_street": "1918 Decatur Avenue", "plaintiff_city": "North Bellmore", "plaintiff_state": "NY", "plaintiff_zip": "11710", "plaintiff_zip_extension": null, "plaintiff_middle_name": null, "plaintiff_phone_number": null, "plaintiff_phone_number_extension": null}, {"plaintiff_first_name": "JANET", "plaintiff_last_name": "DIODATI", "plaintiff_suffix": null, "lead_plaintiff_yn": "NO", "plaintiff_legal_capacity": "SPOUSE", "plaintiff_ssn": null, "plaintiff_street": null, "plaintiff_city": null, "plaintiff_state": null, "plaintiff_zip": null, "plaintiff_zip_extension": null, "plaintiff_middle_name": null, "plaintiff_phone_number": null, "plaintiff_phone_number_extension": null}], "occupation_exposure": [], "diagnosis": [{"diagnosis_disease_name": "LUNG CANCER", "diagnosis_disease_category": "LUNG CANCER", "diagnosis_date": "06/05/2024", "diagnosis_disease_source": "Plaintiff Disease", "diagnosis_is_primary": "YES"}, {"diagnosis_disease_name": "UNKNOWN", "diagnosis_disease_category": "UNKNOWN", "diagnosis_date": null, "diagnosis_disease_source": null, "diagnosis_is_primary": "NO"}, {"diagnosis_disease_name": "UNKNOWN", "diagnosis_disease_category": "UNKNOWN", "diagnosis_date": null, "diagnosis_disease_source": null, "diagnosis_is_primary": "NO"}], "physician": [{"physician_first_name": null, "physician_middle_name": null, "physician_last_name": null, "physician_suffix": null, "physician_role": null, "physician_specialty": null, "date_of_physician_s_report": null, "date_of_physician_s_deposition": null, "physician_is_primary": "FALSE"}], "tobacco": [{"tobacco_type": null, "tobacco_start_date": null, "tobacco_end_date": null, "tobacco_packs_per_day": null, "tobacco_is_primary": null, "tobacco_comment": null}], "product_exposure": [], "related_party": [{"related_party_last_name": null, "related_party_first_name": null, "related_party_middle_name": null, "related_party_suffix": null, "related_party_relationship": null, "related_party_legal_capacity": null, "related_party_SSN": null, "related_party_birth_date": null}], "injured_party_death_date": null, "injured_party_street": "1918 Decatur Avenue", "injured_party_city": "North Bellmore", "injured_party_state": "NY", "injured_party_zip": "11710", "injured_party_zip_ext": null, "injured_party_SSN": null, "injured_party_middle_name": null, "injured_party_is_loss_of_consortium_claimed": "Yes", "injured_party_is_wrongful_death_claimed": "NO", "injured_party_individual_docket_number": null, "injured_party_military_member": null, "injured_party_phone_no": null, "injured_party_phone_no_ext": null, "injured_party_deceased": "LIVING"}], "defendant_namings": [{"defendant_company": "A.O. SMITH WATER PRODUCTS COMPANY", "defendant_parent": null}, {"defendant_company": "AERCO INTERNATIONAL, INC.", "defendant_parent": null}, {"defendant_company": "AGCO CORPORATION, Individually and as successor-in-interest to ALLIS-CHALMERS CORPORATION", "defendant_parent": null}, {"defendant_company": "AIR & LIQUID SYSTEMS CORPORATION, as successor-by-merger to BUFFALO PUMPS, INC.", "defendant_parent": null}, {"defendant_company": "ALLIS-CHALMERS CORPORATION PRODUCT LIABILITY TRUST", "defendant_parent": null}, {"defendant_company": "ALFA LAVAL, INC.", "defendant_parent": null}, {"defendant_company": "ANVIL INTERNATIONAL INC.", "defendant_parent": null}, {"defendant_company": "AQUA-CHEM, INC.", "defendant_parent": null}, {"defendant_company": "ARMSTRONG INTERNATIONAL, INC.", "defendant_parent": null}, {"defendant_company": "ATWOOD & MORRILL COMPANY", "defendant_parent": null}, {"defendant_company": "AURORA PUMP COMPANY", "defendant_parent": null}, {"defendant_company": "BLACKMER PUMPS", "defendant_parent": null}, {"defendant_company": "BORG-WARNER MORSE TEC LLC", "defendant_parent": null}, {"defendant_company": "BURNAHM, LLC", "defendant_parent": null}, {"defendant_company": "BW/IP, INC. AND ITS WHOLLY OWNED SUBSIDIARIES, BYRON JACKSON PUMPS", "defendant_parent": null}, {"defendant_company": "CARRIER CORPORATION", "defendant_parent": null}, {"defendant_company": "CARRIER CORPORATION, a/k/a Bryant Manufacturing Corporation", "defendant_parent": null}, {"defendant_company": "CINCINNATI VALVE COMPANY, individually and as successor to LUNKENHEIMER VALVES", "defendant_parent": null}, {"defendant_company": "CLARK-RELIANCE, individually and as successor to JERGUSON", "defendant_parent": null}, {"defendant_company": "CLEAVER BROOKS COMPANY, INC.", "defendant_parent": "CLEAVER BROOKS INC"}, {"defendant_company": "CONVAL, INC., individually, and as successor to LUNKENHEIMER VALVES", "defendant_parent": null}, {"defendant_company": "COPES-VULCAN, INC.", "defendant_parent": null}, {"defendant_company": "CROWN CORK & SEAL USA, INC., individually, and as successor in interest to MUNDET CORK CORPORATION", "defendant_parent": null}, {"defendant_company": "CUMMINS, INC.", "defendant_parent": null}, {"defendant_company": "DAP, INC.", "defendant_parent": null}, {"defendant_company": "EATON CORPORATION, as successor in interest to EATON ELECTRICAL INC. and CUTLER-HAMMER, INC.", "defendant_parent": null}, {"defendant_company": "ELECTROLUX HOME PRODUCTS, INC., individually, and as successor to TAPPAN and COPES-VULCAN", "defendant_parent": null}, {"defendant_company": "ELLIOTT TURBOMACHINERY CO.", "defendant_parent": null}, {"defendant_company": "FALK CORPORATION (THE)", "defendant_parent": null}, {"defendant_company": "FLOWSERVE US, INC., solely as Successor to Rockwell Manufacturing Company, Edward Valve, Inc., Nordstrom Valves, Inc., Edward Vogt Valve Company, and Vogt Valve Company", "defendant_parent": null}, {"defendant_company": "FMC CORPORATION, individually, and as successor to CHICAGO PUMP COMPANY, NORTHERN PUMP COMPANY, and PEERLESS PUMP COMPANY", "defendant_parent": "FMC CORPORATION"}, {"defendant_company": "FORT KENT HOLDINGS, INC., f/k/a DUNHAM-BUSH, INC.", "defendant_parent": null}, {"defendant_company": "FULTON BOILER WORKS, INC.", "defendant_parent": null}, {"defendant_company": "GARDNER DENVER, INC.", "defendant_parent": null}, {"defendant_company": "GOULD ELECTRONICS, INC.", "defendant_parent": null}, {"defendant_company": "GOULDS PUMPS, INC. n/k/a GOULDS PUMPS, LLC", "defendant_parent": null}, {"defendant_company": "GREENE TWEED & COMPANY, INC.", "defendant_parent": null}, {"defendant_company": "GRINNELL CORPORATION", "defendant_parent": null}, {"defendant_company": "HIGBEE, INC., individually, and as successor to HIGBEE RUBBER CO. INC., and HIGBEE GASKETS AND SEALING PRODUCTS, INC.", "defendant_parent": null}, {"defendant_company": "HOFFMAN-NEW YORKER, INC.", "defendant_parent": null}, {"defendant_company": "HONEYWELL INTERNATIONAL, INC., f/k/a ALLIED SIGNAL, INC. / BENDIX", "defendant_parent": null}, {"defendant_company": "HOPEMAN BROTHERS, INC.", "defendant_parent": null}, {"defendant_company": "HOWDEN NORTH AMERICAN, f/k/a Howden Buffalo, Inc., as successor in interest to BUFFALO FORGE COMPANY, as successor by merger to BUFFALO PUMPS", "defendant_parent": null}, {"defendant_company": "IMO INDUSTRIES, INC.", "defendant_parent": null}, {"defendant_company": "INGERSOLL-RAND COMPANY", "defendant_parent": "ALDRICH PUMP LLC"}, {"defendant_company": "ITT CORPORATION, individually, and as successor in interest to BELL & GOSSETT and HOFFMAN SPECIALTY", "defendant_parent": null}, {"defendant_company": "JENKINS BROS. VALVES", "defendant_parent": null}, {"defendant_company": "JOHN CRANE, INC.", "defendant_parent": null}, {"defendant_company": "JOHNSON CONTROLS, INC.", "defendant_parent": null}, {"defendant_company": "JR CLARKSON COMPANY (THE), successor by merger to KUNKLE INDUSTRIES, INC.", "defendant_parent": null}, {"defendant_company": "KEELER-DORR-OLIVER BOILER COMPANY", "defendant_parent": null}, {"defendant_company": "KENNEDY VALVE MFG. CO. INC., n/k/a ITT Corporation", "defendant_parent": null}, {"defendant_company": "KOHLER CO.", "defendant_parent": null}, {"defendant_company": "KUNKLE INDUSTRIES, INC.", "defendant_parent": null}, {"defendant_company": "LENNOX INDUSTRIES, INC.", "defendant_parent": null}, {"defendant_company": "LEVITON MANUFACTURING CO.", "defendant_parent": null}, {"defendant_company": "LIGHTOLIER, INC.", "defendant_parent": null}, {"defendant_company": "MINNESOTA MINING & MANUFACTURING COMPANY, a/k/a 3M COMPANY", "defendant_parent": null}, {"defendant_company": "MUELLER STEAM SPECIALTY", "defendant_parent": null}, {"defendant_company": "NASH ENGINEERING COMPANY (THE)", "defendant_parent": null}, {"defendant_company": "NEWDELL COMPANY (THE), an ERIKS COMPANY, as successor to SMITH VALVE", "defendant_parent": null}, {"defendant_company": "OWENS-ILLINOIS, INC.", "defendant_parent": null}, {"defendant_company": "PEERLESS INDUSTRIES, INC.", "defendant_parent": "FMC CORPORATION"}, {"defendant_company": "PENTAIR VALVES & CONTROLS US, LP, INC., Individually and as Successor-in-interest to Tyco Valves & Flow Control LP and KEYSTONE VALVES AND CONTROLS, INC.", "defendant_parent": null}, {"defendant_company": "PROGRESS LIGHTING, INC.", "defendant_parent": null}, {"defendant_company": "RHEEM MANUFACTURING COMPANY", "defendant_parent": null}, {"defendant_company": "RILEY POWER, INC.", "defendant_parent": null}, {"defendant_company": "ROBERTSHAW CONTROLS COMPANY, individually, and as successor to FULTON SYLPHON COMPANY", "defendant_parent": null}, {"defendant_company": "ROCKBESTOS-SUPRENANT CABLE CORP. s/h/a ROCKBESTOS INC.", "defendant_parent": null}, {"defendant_company": "ROCKWELL AUTOMATION, INC., as successor by merger to ALLEN-BRADLEY COMPANY, LLC", "defendant_parent": null}, {"defendant_company": "ROPER PUMP COMPANY", "defendant_parent": "COMMERCE PUMP LLC"}, {"defendant_company": "ROSS OPERATING VALVE COMPANY, d/b/a Ross Controls (MI Corp.)", "defendant_parent": null}, {"defendant_company": "SCHNEIDER ELECTRIC USA, INC., f/k/a SQUARE D COMPANY", "defendant_parent": null}, {"defendant_company": "SPIRAX SARCO, INC., individually and as successor to SARCO COMPANY", "defendant_parent": null}, {"defendant_company": "TDY INDUSTRIES, INC. f/k/a Teledyne Industries, Inc., individually, and as successor to FARRIS ENGINEERING", "defendant_parent": null}, {"defendant_company": "TRANE U.S. INC., f/k/a AMERICAN STANDARD INC.", "defendant_parent": "MURRAY BOILER LLC"}, {"defendant_company": "UNION PUMP COMPANY", "defendant_parent": null}, {"defendant_company": "VELAN VALVE CORPORATION", "defendant_parent": null}, {"defendant_company": "WARREN PUMPS LLC, individually, and as successor to THE QUIMBY PUMP COMPANY", "defendant_parent": null}, {"defendant_company": "WEIL PUMP COMPANY, INC.", "defendant_parent": null}, {"defendant_company": "WEIR VALVES & CONTROLS USA, INC., individually and as successor to Atwood & Morrill Co., Inc.", "defendant_parent": null}, {"defendant_company": "WILLIAM POWELL COMPANY (THE)", "defendant_parent": null}, {"defendant_company": "WILO USA LLC, Individually and as successor in interest to WEIL PUMP COMPANY INC.", "defendant_parent": null}, {"defendant_company": "YORK INTERNATIONAL CORPORATION", "defendant_parent": null}, {"defendant_company": "ZURN INDUSTRIES, INC., individually, and as successor to ERIE CITY IRON WORKS", "defendant_parent": null}], "jurisdiction": "unknown"}]}