{"file_name": "PACE DEVELOP/29916534.pdf", "file": {"file_sent_from": "CT Corporation", "file_category_type": "Lawsuit", "log_number": "29916534"}, "lawsuit_service": [{"lawsuit_damage_descriptions": "Personal Injury", "lawsuit_discovery_included": "NO", "lawsuit_harmful_material": "ASBESTOS", "lawsuit_file_date": "09/11/2024", "lawsuit_third_party_company": null, "lawsuit_amendment_number": "3", "lawsuit_is_multi_district": null, "lawsuit_tender_date": null, "lawsuit_summons_date": "09/11/2024", "lawsuit_service_date": "09/19/2024", "lawsuit_received_date": "09/19/2024", "lawsuit_answer_due_days": "20", "lawsuit_answer_due_date": "10/09/2024", "lawsuit_company_served": "Cleaver-Brooks, Inc.", "lawsuit_jurisdiction": "PHILADELPHIA", "lawsuit_docket_number": "240501281", "lawsuit_jurisdiction_state": "PA", "lawsuit_administrative": "FALSE", "lawsuit_allegation": "Product", "lawsuit_case_caption": "CHRISTIAN H. HARCH, JR. and JUDITH HARCH, h/w, Plaintiffs, vs. A.O. SMITH WATER PRODUCTS CO.", "counsel": [{"counsel_firm_name": "WEITZ & LUXENBERG", "counsel_name_of_attorney": "Mary Grabish Gaffney", "counsel_type": "Local Plaintiff Counsel", "counsel_primary": "Yes"}], "injured_party": [{"injured_party_last_name": "Harch", "injured_party_first_name": "Christian", "injured_party_suffix": "Jr", "injured_party_gender": "Male", "injured_party_plaintiff_type": "Individual", "injured_party_marital_status": "MARRIED", "injured_party_birth_date": "05/16/1943", "plaintiff": [{"plaintiff_first_name": "CHRISTIAN", "plaintiff_last_name": "HARCH", "plaintiff_suffix": "JR", "lead_plaintiff_yn": "YES", "plaintiff_legal_capacity": "SELF", "plaintiff_ssn": "xxx-xx-5066", "plaintiff_street": "124 Sherwin Road", "plaintiff_city": "Mullica Hill", "plaintiff_state": "NJ", "plaintiff_zip": "08062", "plaintiff_zip_extension": null, "plaintiff_middle_name": "H.", "plaintiff_phone_number": null, "plaintiff_phone_number_extension": null}, {"plaintiff_first_name": "JUDITH", "plaintiff_last_name": "HARCH", "plaintiff_suffix": null, "lead_plaintiff_yn": "NO", "plaintiff_legal_capacity": "SPOUSE", "plaintiff_ssn": "xxx-xx-9562", "plaintiff_street": "124 Sherwin Road", "plaintiff_city": "Mullica Hill", "plaintiff_state": "NJ", "plaintiff_zip": "08062", "plaintiff_zip_extension": null, "plaintiff_middle_name": null, "plaintiff_phone_number": null, "plaintiff_phone_number_extension": null}], "occupation_exposure": [{"occupation_title": "SHIPFITTER", "occupation_jobsite": "USS HOWARD W. GILMORE (AS 19)", "occupation_jobsite_category": "SHIPYARD", "occupation_jobsite_city": "CHARLESTON", "occupation_start_date": "01/01/1961", "occupation_end_date": "12/31/1964", "occupation_is_primary": "NO"}, {"occupation_title": "PIPEFITTER", "occupation_jobsite": "DUPONT CHEMICAL - DEEPWATER, NJ", "occupation_jobsite_category": "PIPEFITTER", "occupation_jobsite_city": "DEEPWATER", "occupation_start_date": "01/01/1972", "occupation_end_date": "12/31/1989", "occupation_is_primary": "YES"}], "diagnosis": [{"diagnosis_disease_name": "MESOTHELIOMA", "diagnosis_disease_category": "MESOTHELIOMA", "diagnosis_date": "10/01/2023", "diagnosis_disease_source": "Plaintiff Disease", "diagnosis_is_primary": "YES"}], "physician": [{"physician_first_name": null, "physician_middle_name": null, "physician_last_name": null, "physician_suffix": null, "physician_role": null, "physician_specialty": null, "date_of_physician_s_report": null, "date_of_physician_s_deposition": null, "physician_is_primary": "FALSE"}], "tobacco": [{"tobacco_type": "NON-SMOKER", "tobacco_start_date": null, "tobacco_end_date": null, "tobacco_packs_per_day": 0, "tobacco_is_primary": "No", "tobacco_comment": "Plaintiff NEVER smoked."}], "product_exposure": [{"exposure_product_manufacturer": "CLEAVER-BROOKS, INC.", "exposure_product_type": "BOILERS", "exposure_brand": null, "exposure_start_date": "01/01/1961", "exposure_end_date": "12/31/1972", "exposure_is_primary": "true"}], "related_party": [{"related_party_last_name": "HARCH", "related_party_first_name": "JUDITH", "related_party_middle_name": null, "related_party_suffix": null, "related_party_relationship": "SPOUSE", "related_party_legal_capacity": null, "related_party_SSN": "xxx-xx-9562", "related_party_birth_date": "08/01/1944"}], "injured_party_death_date": null, "injured_party_street": "124 Sherwin Road", "injured_party_city": "Mullica Hill", "injured_party_state": "NJ", "injured_party_zip": "08062", "injured_party_zip_ext": null, "injured_party_SSN": "888-88-5066", "injured_party_middle_name": "H.", "injured_party_is_loss_of_consortium_claimed": "No", "injured_party_is_wrongful_death_claimed": "NO", "injured_party_individual_docket_number": "MDL-875", "injured_party_military_member": "NAVY", "injured_party_phone_no": null, "injured_party_phone_no_ext": null, "injured_party_deceased": "LIVING"}], "defendant_namings": [{"defendant_company": "A.O. SMITH WATER PRODUCTS CO.", "defendant_parent": null}, {"defendant_company": "AIR & LIQUID SYSTEMS CORPORATION, as successor-by-merger to BUFFALO PUMPS, INC.", "defendant_parent": null}, {"defendant_company": "ATWOOD & MORRILL COMPANY", "defendant_parent": null}, {"defendant_company": "BLACKMER", "defendant_parent": null}, {"defendant_company": "CANVAS MW, LLC, f/k/a THE MARLEY-WYLAIN COMPANY, LLC and CANVAS SX, LLC, f/k/a SPX, LLC", "defendant_parent": null}, {"defendant_company": "CARRIER CORPORATION", "defendant_parent": null}, {"defendant_company": "CROSBY VALVE LLC", "defendant_parent": null}, {"defendant_company": "DAP, INC.", "defendant_parent": null}, {"defendant_company": "EATON CORPORATION, as successor -in-interest to CUTLER-HAMMER, INC.", "defendant_parent": null}, {"defendant_company": "ELECTROLUX HOME PRODUCTS, INC., Individually, and as Successor to Tappan and Copes-Vulcan", "defendant_parent": null}, {"defendant_company": "ELLIOT-LEWIS CORPORATION", "defendant_parent": null}, {"defendant_company": "EXXONMOBIL OIL CORPORATION", "defendant_parent": null}, {"defendant_company": "FLOWSERVE US, INC., Individually and successor to Rockwell Manufacturing Company, Edward Valve, Inc., Nordstrom Valves, Inc., Edward Vogt Valve Company, and Vogt Valve Company", "defendant_parent": null}, {"defendant_company": "FMC CORPORATION, individually and as successor in interest to NORTHERN PUMP COMPANY f/k/a NORTHERN FIRE APPARATUS COMPANY, CHICAGO PUMP COMPANY and PEERLESS PUMP COMPANY", "defendant_parent": null}, {"defendant_company": "FOSTER WHEELER, L.L.C.", "defendant_parent": null}, {"defendant_company": "G. DENVER AND CO., LLC", "defendant_parent": null}, {"defendant_company": "GENERAL ELECTRIC COMPANY", "defendant_parent": null}, {"defendant_company": "GOULDS PUMPS LLC", "defendant_parent": null}, {"defendant_company": "GRINNELL LLC", "defendant_parent": null}, {"defendant_company": "IMO INDUSTRIES, INC.", "defendant_parent": null}, {"defendant_company": "INDUSTRIAL HOLDINGS CORPORATION, Individually and as Successor in interest to CARBORUNDUM", "defendant_parent": null}, {"defendant_company": "ITT LLC., Individually and as successor to BELL & GOSSETT and as successor to KENNEDY VALVE MANUFACTURING CO., Inc.", "defendant_parent": null}, {"defendant_company": "METROPOLITAN LIFE INSURANCE CO.", "defendant_parent": null}, {"defendant_company": "PARAMOUNT GLOBAL, f/k/a VIACOMCBS Inc., f/k/a CBS CORPORATION, a Delaware Corporation, f/k/a/ VIACOM INC., successor by merger to CBS CORPORATION, a PENNSYLVANIA CORPORATION, f/k/a WESTINGHOUSE ELECTRIC CORPORATION", "defendant_parent": null}, {"defendant_company": "PEPCO HOLDINGS, INC. a/k/a DELMARVA POWER & LIGHT COMPANY", "defendant_parent": null}, {"defendant_company": "PSE&G NUCLEAR LLC a/k/a PUBLIC SERVICE ENTERPRISE GROUP", "defendant_parent": null}, {"defendant_company": "REDCO CORPORATION f/k/a CRANE CO.", "defendant_parent": null}, {"defendant_company": "SPIRAX SARCO, INC., Individually and as successor to SARCO COMPANY", "defendant_parent": null}, {"defendant_company": "TEXACO INC.", "defendant_parent": null}, {"defendant_company": "THE B.F. GOODRICH COMPANY, (GOODRICH CORPORATION)", "defendant_parent": null}, {"defendant_company": "UNION CARBIDE CORPORATION", "defendant_parent": null}, {"defendant_company": "VANDERBILT MINERALS, LLC., f/k/a R.7 T. VANDERBILT CO., Individually and as Successor in interest to INTERNATIONAL TALC COMPANY, INC., GOUVERNEUR TALC COMPANY, INC., and INTERNATIONAL PULP COMPANY, INC.", "defendant_parent": null}, {"defendant_company": "VELAN VALVE CORPORATION", "defendant_parent": null}, {"defendant_company": "VIKING PUMP, INC.", "defendant_parent": "IDEX CORPORATION"}, {"defendant_company": "WARREN PUMPS, LLC", "defendant_parent": null}, {"defendant_company": "CLEAVER-BROOKS, INC.", "defendant_parent": null}, {"defendant_company": "ELLIOTT COMPANY", "defendant_parent": null}], "jurisdiction": "unknown"}]}