{"file_name": "PACE DEVELOP/543092863.pdf", "file": {"file_name": "543092863.pdf", "file_category_type": "Lawsuit", "file_sent_from": "CT Corporation"}, "lawsuit_service": [{"lawsuit_company_served": "Redco Corporation", "lawsuit_allegation": "Product", "lawsuit_amendment_number": null, "lawsuit_third_party_company": null, "lawsuit_discovery_included": "NO", "lawsuit_jurisdiction_state": "NY", "lawsuit_jurisdiction": "ULSTER", "lawsuit_docket_numbers": ["EF202399"], "lawsuit_damage_descriptions": "Personal Injury", "lawsuit_tender_date": null, "lawsuit_is_multi_district": null, "lawsuit_harmful_material": "ASBESTOS", "lawsuit_administrative": "FALSE", "lawsuit_summons_date": "01/13/2023", "lawsuit_service_date": "01/26/2023", "lawsuit_received_date": "01/26/2023", "lawsuit_answer_due_days": "20", "lawsuit_answer_due_date": "02/15/2023", "lawsuit_file_date": "01/13/2023", "lawsuit_case_caption": "ROGER PAUL SPEZIO, SR. and KATHLEEN SPEZIO, Plaintiffs, vs. 3M COMPANY, Individually and as Successor to Minnesota Mining and Manufacturing Company, et al.", "counsel": [{"counsel_firm_name": "BELLUCK & FOX, LLP", "counsel_name_of_attorney": "Joseph W. Belluck, Esq.", "counsel_type": "Primary Local Plaintiff Counsel", "counsel_primary": "Yes"}], "injured_party": [{"injured_party_last_name": "Spezio", "injured_party_first_name": "Roger Paul", "injured_party_suffix": "Sr.", "injured_party_gender": "Male", "injured_party_plaintiff_type": "Individual", "injured_party_marital_status": "MARRIED", "injured_party_birth_date": "To be provided", "plaintiff": [{"plaintiff_first_name": "Roger", "plaintiff_last_name": "Spezio", "plaintiff_suffix": "Sr.", "lead_plaintiff_yn": "YES", "plaintiff_legal_capacity": "SELF", "plaintiff_ssn": "To be provided", "plaintiff_street": "103 Wheeling Avenue", "plaintiff_city": "Staten Island", "plaintiff_state": "NY", "plaintiff_zip": "10309", "plaintiff_zip_extension": null, "plaintiff_middle_name": "Paul", "plaintiff_phone_number": null, "plaintiff_phone_number_extension": null}, {"plaintiff_first_name": "Kathleen", "plaintiff_last_name": "Spezio", "plaintiff_suffix": null, "lead_plaintiff_yn": "NO", "plaintiff_legal_capacity": "SPOUSE", "plaintiff_ssn": "To be provided", "plaintiff_street": "103 Wheeling Avenue", "plaintiff_city": "Staten Island", "plaintiff_state": "NY", "plaintiff_zip": "10309", "plaintiff_zip_extension": null, "plaintiff_middle_name": null, "plaintiff_phone_number": null, "plaintiff_phone_number_extension": null}], "occupation_exposure": [{"occupation_title": "UNKNOWN", "occupation_jobsite": "Residential HVAC", "occupation_jobsite_category": "UNKNOWN OCCUPATION CATEGORY", "occupation_jobsite_city": "Staten Island, NY", "occupation_start_date": "01/01/1958", "occupation_end_date": "12/31/1979", "occupation_is_primary": "YES"}], "diagnosis": [{"diagnosis_disease_name": "MESOTHELIOMA", "diagnosis_disease_category": "UNKNOWN", "diagnosis_date": "12/03/2022", "diagnosis_disease_source": "Plaintiff Disease", "diagnosis_is_primary": "YES"}], "physician": [{"physician_first_name": "Joseph", "physician_middle_name": "W.", "physician_last_name": "Belluck", "physician_suffix": "Esq.", "physician_role": "Undetermined", "physician_specialty": "UNKNOWN", "date_of_physician_s_report": "01/13/2023", "date_of_physician_s_deposition": null, "physician_is_primary": "TRUE"}], "tobacco": [{"tobacco_type": "CIGARETTES", "tobacco_start_date": "01/01/1962", "tobacco_end_date": "12/31/1980", "tobacco_packs_per_day": "1", "tobacco_is_primary": "Yes", "tobacco_comment": null}], "product_exposure": [], "related_party": [{"related_party_last_name": "Spezio", "related_party_first_name": "Kathleen", "related_party_middle_name": null, "related_party_suffix": null, "related_party_relationship": "SPOUSE", "related_party_legal_capacity": null, "related_party_SSN": null, "related_party_birth_date": "01/01/1951"}], "injured_party_death_date": null, "injured_party_street": "103 Wheeling Avenue", "injured_party_city": "Staten Island", "injured_party_state": "NY", "injured_party_zip": "10309", "injured_party_zip_ext": null, "injured_party_SSN": "To be provided", "injured_party_middle_name": "Paul", "injured_party_is_loss_of_consortium_claimed": "Yes", "injured_party_is_wrongful_death_claimed": "NO", "injured_party_individual_docket_number": null, "injured_party_military_member": "AIR FORCE & ARMY", "injured_party_phone_no": null, "injured_party_phone_no_ext": null, "injured_party_deceased": "LIVING"}], "defendant_namings": [{"defendant_company": "3M COMPANY, Individually and as Successor to Minnesota Mining and Manufacturing Company", "defendant_parent": null}, {"defendant_company": "A.O. SMITH WATER PRODUCTS", "defendant_parent": null}, {"defendant_company": "All ACQUISITION CORPORATION, LLC, Individually and as Successor-in-Interest to Athlone Industries, Inc. and Holland Furnace Company", "defendant_parent": null}, {"defendant_company": "AIR & LIQUID SYSTEMS CORPORATION, as Successor by Merger to Buffalo Pumps, Inc.", "defendant_parent": null}, {"defendant_company": "ALCOA INC., Individually and as successor in interest to Tilo Roofing Co.", "defendant_parent": null}, {"defendant_company": "AMERICAN OPTICAL CORPORATION", "defendant_parent": null}, {"defendant_company": "ARMSTRONG INTERNATIONAL, INC.", "defendant_parent": null}, {"defendant_company": "ATWOOD & MORRILL CO., INC. d/b/a Weir Valves & Controls USA Inc.", "defendant_parent": null}, {"defendant_company": "AURORA PUMP COMPANY", "defendant_parent": null}, {"defendant_company": "AVCO CORPORATION, A Textron Lycoming Division, Individually and as Successor to Lycoming Engines f/k/a Lycoming Manufacturing, Spencer Heater Company, and Spencer Heater Division of Lycoming", "defendant_parent": null}, {"defendant_company": "BW/IP INTERNATIONAL CO., formerly known as Borg Warner Industrial Products Inc., a former subsidiary of and successor to Borg Warner Corp. and Byron Jackson Pumps", "defendant_parent": null}, {"defendant_company": "CARRIER CORPORATION", "defendant_parent": null}, {"defendant_company": "CBS CORPORATION, a Delaware Corporation, f/k/a Viacom Inc, Successor by merger to CBS Corporation, a Pennsylvania Corporation, f/k/a Westinghouse Electric Corporation", "defendant_parent": null}, {"defendant_company": "CLEAVER BROOKS COMPANY f/k/a Aqua Chem, Inc.", "defendant_parent": "CLEAVER BROOKS INC"}, {"defendant_company": "COLUMBIA BOILER COMPANY OF POTTSTOWN", "defendant_parent": null}, {"defendant_company": "COMPUDYNE CORPORATION, Individually and as Successor to York-Shipley", "defendant_parent": null}, {"defendant_company": "CONTINENTAL MOTORS, INC.", "defendant_parent": null}, {"defendant_company": "CONTINENTAL MOTORS INC. f/k/a Teledyne Continental Motors, Inc., Individually and as successor to Continental Motors Inc. and Continental Motors Company", "defendant_parent": null}, {"defendant_company": "CROWN BOILER CO.", "defendant_parent": null}, {"defendant_company": "DEAN PUMP DIVISION", "defendant_parent": null}, {"defendant_company": "EATON AEROQUIP, INC. f/k/a Aeroquip Corporation", "defendant_parent": null}, {"defendant_company": "ECR INTERNATIONAL, INC., Individually and as Successor to Dunkirk, Dunkirk Boilers and Utica Boilers and Pennco, Inc.", "defendant_parent": null}, {"defendant_company": "ELECTROLUX HOME PRODUCTS, INC., Individually and as Successor to Tappan and Copes Vulcan", "defendant_parent": null}, {"defendant_company": "FLOWSERVE US, INC., solely as Successor to Rockwell Manufacturing Company, Edward Valves, Inc., Nordstrom Valves, Inc. and Edward Vogt Valve Company", "defendant_parent": null}, {"defendant_company": "FMC CORPORATION, Individually and as Successor to Northern Pump Company, Coffin and Peerless Pump Company", "defendant_parent": "FMC CORPORATION"}, {"defendant_company": "GARDNER-DENVER, INC., Individually and as Successor to Nash Engineering Company", "defendant_parent": null}, {"defendant_company": "GARDNER-DENVER NASH LLC, Individually and as Successor to Nash Engineering Company", "defendant_parent": null}, {"defendant_company": "GENERAL ELECTRIC COMPANY", "defendant_parent": null}, {"defendant_company": "GOULDS PUMPS INC.", "defendant_parent": null}, {"defendant_company": "GRINNELL CORPORATION", "defendant_parent": null}, {"defendant_company": "HOFFMAN/NEW YORKER, INC.", "defendant_parent": null}, {"defendant_company": "HONEYWELL INTERNATIONAL, INC., Individually and f/k/a AlliedSignal, Inc., and as Successor-in-Interest to The Bendix Corp.", "defendant_parent": null}, {"defendant_company": "HOWDEN BUFFALO, INC., Individually and as Successor In Interest to FB Sturtevant, The Howden Buffalo Group and Buffalo Fan", "defendant_parent": null}, {"defendant_company": "I.T.T. INDUSTRIES, INC., Individually and as successor to Bell & Gossett", "defendant_parent": null}, {"defendant_company": "INTERNATIONAL COMFORT PRODUCTS LLC, Individually and as Successor to Heil Heating and Cooling", "defendant_parent": null}, {"defendant_company": "KOHLER CO.", "defendant_parent": null}, {"defendant_company": "LENNOX INDUSTRIES, INC., Individually and as Successor to Lennox Furnace Company and Ducane", "defendant_parent": null}, {"defendant_company": "MARIO & DIBONO PLASTERING CO. INC.", "defendant_parent": null}, {"defendant_company": "METROPOLITAN LIFE INSURANCE COMPANY", "defendant_parent": null}, {"defendant_company": "NEW YORKER BOILER COMPANY, INC.", "defendant_parent": null}, {"defendant_company": "PARKER HANNIFIN CORPORATION, Individually and as Successor by Merger to Stratoflex, Inc. (Cleveland Brake Division) and EIS", "defendant_parent": null}, {"defendant_company": "PRATT & WHITNEY MEASUREMENT SYSTEMS, INC.", "defendant_parent": null}, {"defendant_company": "PRATT & WHITNEY POWER SYSTEMS, INC.", "defendant_parent": null}, {"defendant_company": "REDCO CORP., f/k/a Crane Co.", "defendant_parent": null}, {"defendant_company": "RHEEM MANUFACTURING COMPANY, INC.", "defendant_parent": null}, {"defendant_company": "ROCKWELL AUTOMATION INC., Individually and as Successor to Timken Heating Business and S. Co., Inc. f/k/a Scaife Company, as Successor in Interest to Rockwell Spring & Axle Company's Timken Silent Automatic Division", "defendant_parent": null}, {"defendant_company": "SID HARVEY INDUSTRIES, INC.", "defendant_parent": null}, {"defendant_company": "SID HARVEY SUPPLY, INC.", "defendant_parent": null}, {"defendant_company": "SPENCE ENGINEERING COMPANY, INC.", "defendant_parent": null}, {"defendant_company": "SPENCER HEATER, a Lycoming division of AVCO Corporation", "defendant_parent": null}, {"defendant_company": "SPIRAX SARCO, INC.", "defendant_parent": null}, {"defendant_company": "TACO, INC.", "defendant_parent": null}, {"defendant_company": "TECHNIFY MOTOR (USA), INC., Individually and as Successor to Teledyne Continental Motors, Inc. f/k/a Continental Motors, Inc., and Continental Motors Company", "defendant_parent": null}, {"defendant_company": "TELEDYNE TECHNOLOGIES INC., Individually and as Successor to Teledyne Continental Motors, Inc. f/k/a Continental Motors, Inc., Continental Motors Company", "defendant_parent": null}, {"defendant_company": "TEXACO, INC.", "defendant_parent": null}, {"defendant_company": "UNION CARBIDE CORPORATION", "defendant_parent": null}, {"defendant_company": "UNITED TECHNOLOGIES CORPORATION, Individually and as Successor to Pratt & Whitney (Pratt & Whitney/Aircraft Division) and Franklin Engine Company f/k/a Aircooled Motors Company", "defendant_parent": null}, {"defendant_company": "VELAN VALVE CORP.", "defendant_parent": null}, {"defendant_company": "WARREN PUMPS, LLC, Individually and as Successor to The Quimby Pump Company", "defendant_parent": null}, {"defendant_company": "WEIL McLAIN, A Division of Marley Wylain Company", "defendant_parent": null}, {"defendant_company": "WILLIAM POWELL COMPANY (THE)", "defendant_parent": null}, {"defendant_company": "YORK INTERNATIONAL CORPORATION, Individually and as Successor to Frick Company", "defendant_parent": null}]}]}