{"file_name": "PACE DEVELOP/543036515.pdf", "file": {"file_name": "543036515.pdf", "file_category_type": "Lawsuit", "file_sent_from": "CT Corporation"}, "lawsuit_service": [{"lawsuit_file_date": "12/20/2022", "lawsuit_discovery_included": "YES", "lawsuit_service_date": "01/18/2023", "lawsuit_received_date": "01/18/2023", "lawsuit_answer_due_days": "20", "lawsuit_answer_due_date": "02/07/2023", "lawsuit_case_caption": "STEPHANIE D. STARR, Individually and as Personal Representative of the Estate of ROBERT E. STARR et al, vs. WESTERN MASSACHUSETTS ELECTRIC COMPANY", "lawsuit_administrative": "FALSE", "lawsuit_damage_descriptions": "Personal Injury", "lawsuit_tender_date": null, "lawsuit_company_served": "Redco Corporation", "lawsuit_harmful_material": "ASBESTOS", "lawsuit_third_party_company": null, "lawsuit_is_multi_district": null, "lawsuit_summons_date": "12/20/2022", "lawsuit_allegation": "Product", "lawsuit_amendment_number": null, "lawsuit_jurisdiction_state": "MA", "lawsuit_jurisdiction": "MIDDLESEX", "lawsuit_docket_numbers": ["224274", "2281CV04274"], "counsel": [{"counsel_firm_name": "THORNTON LAW FIRM LLP", "counsel_name_of_attorney": "Ginger Gibbs", "counsel_type": "Primary Local Plaintiff Counsel", "counsel_primary": "Yes"}], "injured_party": [{"injured_party_last_name": "STARR", "injured_party_first_name": "ROBERT E.", "injured_party_suffix": null, "injured_party_gender": "Male", "injured_party_plaintiff_type": "Individual", "injured_party_marital_status": "WIDOWED", "injured_party_birth_date": null, "plaintiff": [{"plaintiff_first_name": "ROBERT", "plaintiff_last_name": "STARR", "plaintiff_suffix": null, "lead_plaintiff_yn": "YES", "plaintiff_legal_capacity": "SELF", "plaintiff_ssn": null, "plaintiff_street": "1053 Burts Pit Road", "plaintiff_city": "Florence", "plaintiff_state": "MA", "plaintiff_zip": "01062", "plaintiff_zip_extension": null, "plaintiff_middle_name": "E.", "plaintiff_phone_number": null, "plaintiff_phone_number_extension": null}, {"plaintiff_first_name": "STEPHANIE", "plaintiff_last_name": "STARR", "plaintiff_suffix": null, "lead_plaintiff_yn": "NO", "plaintiff_legal_capacity": "SURVIVING SPOUSE", "plaintiff_ssn": null, "plaintiff_street": "1053 Burts Pit Road", "plaintiff_city": "Florence", "plaintiff_state": "MA", "plaintiff_zip": "01062", "plaintiff_zip_extension": null, "plaintiff_middle_name": "D.", "plaintiff_phone_number": null, "plaintiff_phone_number_extension": null}], "occupation_exposure": [{"occupation_title": "INSULATOR", "occupation_jobsite": "VARIOUS COMMERCIAL AND INDUSTRIAL JOBSITES", "occupation_jobsite_category": "INSULATOR", "occupation_jobsite_city": "UNKNOWN", "occupation_start_date": "01/01/1956", "occupation_end_date": "12/31/1970", "occupation_is_primary": "YES"}], "diagnosis": [{"diagnosis_disease_name": "LUNG CANCER", "diagnosis_disease_category": "LUNG CANCER", "diagnosis_date": "02/14/2020", "diagnosis_disease_source": "Plaintiff Disease", "diagnosis_is_primary": "YES"}, {"diagnosis_disease_name": "ASBESTOS RELATED DISEASE", "diagnosis_disease_category": "UNKNOWN", "diagnosis_date": null, "diagnosis_disease_source": "Plaintiff Disease", "diagnosis_is_primary": "NO"}, {"diagnosis_disease_name": "OTHER CANCER", "diagnosis_disease_category": "OTHER CANCER", "diagnosis_date": null, "diagnosis_disease_source": "Plaintiff Disease", "diagnosis_is_primary": "NO"}], "physician": [{"physician_first_name": null, "physician_middle_name": null, "physician_last_name": null, "physician_suffix": null, "physician_role": null, "physician_specialty": null, "date_of_physician_s_report": null, "date_of_physician_s_deposition": null, "physician_is_primary": "FALSE"}], "tobacco": [{"tobacco_type": null, "tobacco_start_date": null, "tobacco_end_date": null, "tobacco_packs_per_day": null, "tobacco_is_primary": null, "tobacco_comment": null}], "product_exposure": [{"exposure_product_manufacturer": "Redco Corporation", "exposure_product_type": "INSULATION", "exposure_brand": null, "exposure_start_date": "01/01/1956", "exposure_end_date": "12/31/1970", "exposure_is_primary": "true"}], "related_party": [{"related_party_last_name": "Starr", "related_party_first_name": "Stephanie", "related_party_middle_name": "D.", "related_party_suffix": null, "related_party_relationship": "SPOUSE", "related_party_legal_capacity": "Personal Representative of the Estate", "related_party_SSN": null, "related_party_birth_date": null}], "injured_party_death_date": "02/14/2020", "injured_party_street": null, "injured_party_city": null, "injured_party_state": null, "injured_party_zip": null, "injured_party_zip_ext": null, "injured_party_SSN": null, "injured_party_middle_name": "E.", "injured_party_is_loss_of_consortium_claimed": "Yes", "injured_party_is_wrongful_death_claimed": "YES", "injured_party_individual_docket_number": null, "injured_party_military_member": null, "injured_party_phone_no": null, "injured_party_phone_no_ext": null, "injured_party_deceased": "DECEASED"}], "defendant_namings": [{"defendant_company": "WESTERN MASSACHUSETTS ELECTRIC COMPANY", "defendant_parent": null}, {"defendant_company": "PHARMACIA LLC f/k/a PHARMACIA CORPORATION & MONSANTO CHEMICAL COMPANY", "defendant_parent": null}, {"defendant_company": "REDCO CORPORATION f/k/a CRANE CO. as Successor to PACIFIC STEEL BOILER, a Division of UNITED STATES RADIATOR CORPORATION", "defendant_parent": null}, {"defendant_company": "RIC-WIL, INC.", "defendant_parent": null}, {"defendant_company": "A. O. SMITH CORPORATION", "defendant_parent": null}, {"defendant_company": "CARRIER CORPORATION a/k/a BRYANT HEATING & COOLING SYSTEMS, INC.", "defendant_parent": null}, {"defendant_company": "CLEAVER-BROOKS, INC.", "defendant_parent": null}, {"defendant_company": "D M DILLON STEAM BOILER WORKS, INC.", "defendant_parent": null}, {"defendant_company": "RILEY POWER INC. f/k/a RILEY STOKER CORPORATION", "defendant_parent": null}, {"defendant_company": "THE H. B. SMITH COMPANY, INC.", "defendant_parent": null}, {"defendant_company": "THE MARLEY-WYLAIN COMPANY, LLC f/k/a WEIL-MCLAIN, a Division of THE MARLEY COMPANY", "defendant_parent": null}, {"defendant_company": "COLFMAN MANUFACTURING COMPANY, INC.", "defendant_parent": null}, {"defendant_company": "GENERAL REFRACTORIES COMPANY", "defendant_parent": null}, {"defendant_company": "J. H. FRANCE REFRACTORIES, a Division of ADIENCE, INC.", "defendant_parent": null}, {"defendant_company": "CLIFTON ASSOCIATES, INC.", "defendant_parent": null}, {"defendant_company": "EASTERN REFRACTORIES COMPANY, INC.", "defendant_parent": null}, {"defendant_company": "GENERAL INSULATION COMPANY", "defendant_parent": null}, {"defendant_company": "WALTER J. BALLOU COMPANY", "defendant_parent": null}, {"defendant_company": "A. W. CHESTERTON COMPANY", "defendant_parent": null}, {"defendant_company": "JOHN CRANE, INC.", "defendant_parent": null}, {"defendant_company": "THE GOODYEAR TIRE & RUBBER COMPANY", "defendant_parent": null}, {"defendant_company": "UNIROYAL, INC.", "defendant_parent": null}, {"defendant_company": "HARSCO CORPORATION f/k/a THE PATTERSON-KELLEY CO., INC.", "defendant_parent": null}, {"defendant_company": "AIR & LIQUID SYSTEMS CORPORATION as Successor by Merger to BUFFALO PUMPS, INC.", "defendant_parent": null}, {"defendant_company": "AURORA PUMP CO.", "defendant_parent": null}, {"defendant_company": "ELECTROLUX HOME PRODUCTS, INC. f/k/a WHITE CONSOLIDATED INDUSTRIES, INC. f/k/a COPES-VULCAN, INC.", "defendant_parent": null}, {"defendant_company": "GOULDS PUMPS INCORPORATED", "defendant_parent": null}, {"defendant_company": "GRUNDFOS WATER UTILITY, INC. f/k/a YEOMANS CHICAGO CORPORATION", "defendant_parent": null}, {"defendant_company": "IMO INDUSTRIES, INC. f/k/a DELAVAL STEAM TURBINE COMPANY", "defendant_parent": null}, {"defendant_company": "ITT LLC f/k/a ITT CORPORATION as Successor to BELL & GOSSETT, HOFFMAN PUMPS, KENNEDY VALVES, and MCDONNELL & MILLER", "defendant_parent": null}, {"defendant_company": "MILWAUKEE VALVE COMPANY, INC.", "defendant_parent": null}, {"defendant_company": "STERLING FLUID SYSTEMS (USA), INC., Individually and as Successor to PEERLESS PUMP CO.", "defendant_parent": null}, {"defendant_company": "VIKING PUMP, INC.", "defendant_parent": "IDEX CORPORATION"}, {"defendant_company": "WARREN PUMPS LLC", "defendant_parent": null}, {"defendant_company": "ICP CONSTRUCTION, INC. f/k/a CALIFORNIA PRODUCTS CORPORATION", "defendant_parent": null}, {"defendant_company": "RAMBLAS CORP., Successor-In-Interest to L & M MFG., INC. a/k/a L & M SURCO", "defendant_parent": null}, {"defendant_company": "ITW POLYMER SEALANTS NORTH AMERICA f/k/a MIRACLE ADHESIVES CORPORATION", "defendant_parent": null}, {"defendant_company": "PARAMOUNT GLOBAL f/k/a VIACOMCBS INC. f/k/a CBS CORPORATION, a Delaware Corporation, f/k/a VIACOM, INC., Successor by Merger to CBS CORPORATION, a Pennsylvania Corporation f/k/a WESTINGHOUSE ELECTRIC CORPORATION", "defendant_parent": null}]}]}