{"file_name": "PACE DEVELOP/543066656.pdf", "file": {"file_name": "543066656.pdf", "file_category_type": "Lawsuit", "file_sent_from": "CT Corporation"}, "lawsuit_service": [{"lawsuit_harmful_material": "ASBESTOS", "lawsuit_tender_date": null, "lawsuit_amendment_number": null, "lawsuit_is_multi_district": null, "lawsuit_third_party_company": null, "lawsuit_discovery_included": "YES", "lawsuit_service_date": "01/23/2023", "lawsuit_received_date": "01/23/2023", "lawsuit_answer_due_days": "20", "lawsuit_answer_due_date": "02/12/2023", "lawsuit_administrative": false, "lawsuit_damage_descriptions": "Personal Injury", "lawsuit_company_served": "REDCO CORPORATION", "lawsuit_jurisdiction_state": "NY", "lawsuit_jurisdiction": "MONROE", "lawsuit_allegation": "Product", "lawsuit_summons_date": "01/17/2023", "lawsuit_file_date": "01/17/2023", "lawsuit_docket_numbers": ["E2023000525"], "lawsuit_case_caption": "BONNIE J. RILEY, Plaintiff, vs. AIR & LIQUID SYSTEMS CORPORATION as successor by merger to BUFFALO PUMPS, INC.", "counsel": [{"counsel_firm_name": "LIPSITZ, PONTERIO & COMERFORD, LLC", "counsel_name_of_attorney": "JOHN P. COMERFORD, ESQ.", "counsel_type": "Primary Local Plaintiff Counsel", "counsel_primary": "Yes"}], "injured_party": [{"injured_party_last_name": "RILEY", "injured_party_first_name": "BONNIE", "injured_party_suffix": null, "injured_party_gender": "Female", "injured_party_plaintiff_type": "Individual", "injured_party_marital_status": "MARRIED", "injured_party_birth_date": "01/01/1950", "plaintiff": [{"plaintiff_first_name": "BONNIE", "plaintiff_last_name": "RILEY", "plaintiff_suffix": null, "lead_plaintiff_yn": "YES", "plaintiff_legal_capacity": "SELF", "plaintiff_ssn": "888-88-8888", "plaintiff_street": "1533 Culver Road", "plaintiff_city": "Rochester", "plaintiff_state": "NY", "plaintiff_zip": "14609", "plaintiff_zip_extension": null, "plaintiff_middle_name": "empty string", "plaintiff_phone_number": null, "plaintiff_phone_number_extension": null}], "occupation_exposure": [{"occupation_title": "UNKNOWN", "occupation_jobsite": "UNKNOWN", "occupation_jobsite_category": "UNKNOWN OCCUPATION CATEGORY", "occupation_jobsite_city": "Rochester", "occupation_start_date": "01/01/1972", "occupation_end_date": "12/31/1979", "occupation_is_primary": "YES"}], "diagnosis": [{"diagnosis_disease_name": "LUNG CANCER", "diagnosis_disease_category": "LUNG CANCER", "diagnosis_date": "01/01/2022", "diagnosis_disease_source": "Plaintiff Disease", "diagnosis_is_primary": "YES"}, {"diagnosis_disease_name": "ASBESTOSIS", "diagnosis_disease_category": "UNKNOWN", "diagnosis_date": null, "diagnosis_disease_source": "Plaintiff Disease", "diagnosis_is_primary": "NO"}, {"diagnosis_disease_name": "MESOTHELIOMA", "diagnosis_disease_category": "MESOTHELIOMA", "diagnosis_date": null, "diagnosis_disease_source": "Plaintiff Disease", "diagnosis_is_primary": "NO"}], "physician": [{"physician_first_name": "JOHN", "physician_middle_name": "P.", "physician_last_name": "COMERFORD", "physician_suffix": "ESO", "physician_role": "Retained", "physician_specialty": "UNKNOWN", "date_of_physician_s_report": "01/17/2023", "date_of_physician_s_deposition": null, "physician_is_primary": "TRUE"}], "tobacco": [{"tobacco_type": null, "tobacco_start_date": null, "tobacco_end_date": null, "tobacco_packs_per_day": null, "tobacco_is_primary": null, "tobacco_comment": null}], "product_exposure": [], "related_party": [{"related_party_last_name": null, "related_party_first_name": null, "related_party_middle_name": null, "related_party_suffix": null, "related_party_relationship": null, "related_party_legal_capacity": null, "related_party_SSN": null, "related_party_birth_date": null}], "injured_party_death_date": null, "injured_party_street": "1533 Culver Road", "injured_party_city": "Rochester", "injured_party_state": "NY", "injured_party_zip": "14609", "injured_party_zip_ext": null, "injured_party_SSN": "888-88-8888", "injured_party_middle_name": null, "injured_party_is_loss_of_consortium_claimed": "Yes", "injured_party_is_wrongful_death_claimed": "YES", "injured_party_individual_docket_number": null, "injured_party_military_member": null, "injured_party_phone_no": null, "injured_party_phone_no_ext": null, "injured_party_deceased": "DECEASED"}], "defendant_namings": [{"defendant_company": "AIR & LIQUID SYSTEMS CORPORATION as successor by merger to BUFFALO PUMPS, INC.", "defendant_parent": null}, {"defendant_company": "ALRAY CONSTRUCTION CORP. f/k/a HEBERT CONSTRUCTION CORP.", "defendant_parent": null}, {"defendant_company": "ARMSTRONG INTERNATIONAL, INC.", "defendant_parent": null}, {"defendant_company": "ARMSTRONG PUMPS INC.", "defendant_parent": null}, {"defendant_company": "AURORA PUMP COMPANY", "defendant_parent": null}, {"defendant_company": "CLEAVER-BROOKS, INC. f/k/a AQUA-CHEM, INC.", "defendant_parent": "CLEAVER BROOKS INC"}, {"defendant_company": "CLYDE UNION INC. f/k/a UNION PUMP COMPANY", "defendant_parent": null}, {"defendant_company": "ELMER W. DAVIS INC.", "defendant_parent": null}, {"defendant_company": "FLOWSERVE CORPORATION f/k/a THE DURIRON COMPANY, INC. sued as successor by merger to DURCO INTERNATIONAL", "defendant_parent": null}, {"defendant_company": "FLOWSERVE US, INC. solely as successor to ROCKWELL MANUFACTURING COMPANY, EDWARD VALVES, INC. and EDWARD VOGT VALVE COMPANY", "defendant_parent": null}, {"defendant_company": "FMC CORPORATION individually and as successor to NORTHERN PUMP COMPANY f/k/a NORTHERN FIRE APPARATUS COMPANY and COFFIN", "defendant_parent": null}, {"defendant_company": "FOSTER WHEELER LLC", "defendant_parent": null}, {"defendant_company": "FRONTIER INSULATION CONTRACTORS, INC. f/k/a FRONTIER INSULATION AND ASBESTOS, INC.", "defendant_parent": null}, {"defendant_company": "GARDNER DENVER, INC.", "defendant_parent": null}, {"defendant_company": "GENERAL ELECTRIC COMPANY", "defendant_parent": null}, {"defendant_company": "GOULDS PUMPS, INCORPORATED f/k/a GOULDS PUMPS MERGER CORPORATION", "defendant_parent": null}, {"defendant_company": "GRINNELL LLC", "defendant_parent": null}, {"defendant_company": "HONEYWELL INTERNATIONAL INC. f/k/a ALLIEDSIGNAL, INC. and as successor in interest to THE BENDIX CORPORATION", "defendant_parent": null}, {"defendant_company": "IMO INDUSTRIES INC. individually and as successor in interest to IMO DELAVAL", "defendant_parent": null}, {"defendant_company": "IIS BUFFALO, INC. f/k/a INDUSTRIAL INSULATION SALES, INC.", "defendant_parent": null}, {"defendant_company": "INSULATION DISTRIBUTORS, INC.", "defendant_parent": null}, {"defendant_company": "ITT CORPORATION f/k/a ITT INDUSTRIES, INC. individually and as successor to ITT FLUID PRODUCTS CORP., ITT HOFFMAN, ITT BELL & GOSSETT COMPANY and ITT MARLOW", "defendant_parent": null}, {"defendant_company": "MADER CAPITAL, INC.", "defendant_parent": null}, {"defendant_company": "MADER PLASTERING CORP.", "defendant_parent": null}, {"defendant_company": "MET-PRO TECHNOLOGIES LLC a CECO Environmental Company successor by merger to MET-PRO CORPORATION on behalf of its DEAN PUMP DIVISION", "defendant_parent": null}, {"defendant_company": "PARAMOUNT GLOBAL f/k/a VIACOMCBS INC. f/k/a CBS CORPORATION a Delaware corporation f/k/a VIACOM INC. successor by merger to CBS CORPORATION a Pennsylvania corporation f/k/a WESTINGHOUSE ELECTRIC CORPORATION", "defendant_parent": null}, {"defendant_company": "PFAUDLER, INC.", "defendant_parent": null}, {"defendant_company": "R.E. HEBERT AND COMPANY, INC.", "defendant_parent": null}, {"defendant_company": "REDCO CORPORATION", "defendant_parent": null}, {"defendant_company": "RILEY POWER INC. f/k/a BABCOCK BORSIG POWER, INC. f/k/a DB RILEY, INC. f/k/a RILEY STOKER CORPORATION", "defendant_parent": null}, {"defendant_company": "ROCHESTER ACOUSTICAL CORP.", "defendant_parent": null}, {"defendant_company": "ROCHESTER INDUSTRIAL INSULATION, INC.", "defendant_parent": null}, {"defendant_company": "SPIRAX SARCO, INC. individually and as successor to SARCO COMPANY, INC.", "defendant_parent": null}, {"defendant_company": "SPX COOLING TECHNOLOGIES, INC. f/k/a MARLEY COOLING TECHNOLOGIES, INC. f/k/a THE MARLEY COOLING TOWER COMPANY", "defendant_parent": null}, {"defendant_company": "THE MADER CORPORATION", "defendant_parent": null}, {"defendant_company": "THE MARLEY-WYLAIN COMPANY f/k/a WEIL-McLAIN", "defendant_parent": null}, {"defendant_company": "THE WILLIAM POWELL COMPANY", "defendant_parent": null}, {"defendant_company": "UNION CARBIDE CORPORATION", "defendant_parent": null}, {"defendant_company": "VELAN VALVE CORP.", "defendant_parent": null}, {"defendant_company": "WARREN PUMPS LLC", "defendant_parent": null}, {"defendant_company": "WEIR VALVES & CONTROLS USA, INC. d/b/a ATWOOD & MORRILL CO., INC.", "defendant_parent": null}, {"defendant_company": "WILLIAM SUMMERHAYS' SONS CORPORATION", "defendant_parent": null}, {"defendant_company": "ZURN INDUSTRIES, LLC individually and as successor in interest to ERIE CITY IRON WORKERS CORPORATION", "defendant_parent": null}]}]}