{"file_name": "PACE DEVELOP/544636968.pdf", "file": {"log_number": "544636968", "file_category_type": "Lawsuit", "file_sent_from": "CT Corporation"}, "lawsuit_service": [{"lawsuit_file_date": "08/28/2023", "lawsuit_third_party_company": null, "lawsuit_summons_date": "08/28/2023", "lawsuit_damage_descriptions": "Personal Injury", "lawsuit_tender_date": null, "lawsuit_company_served": "FMC CORPORATION", "lawsuit_discovery_included": "YES", "lawsuit_administrative": "FALSE", "lawsuit_amendment_number": "1", "lawsuit_case_caption": "EFRAIN CHAPARRO and DONATIVA CHAPARRO, Plaintiffs, vs. AT&T CORPORATION", "lawsuit_is_multi_district": null, "lawsuit_jurisdiction": "MIDDLESEX", "lawsuit_harmful_material": "ASBESTOS", "lawsuit_allegation": "Product", "lawsuit_service_date": "09/01/2023", "lawsuit_received_date": "09/01/2023", "lawsuit_answer_due_days": "20", "lawsuit_answer_due_date": "09/21/2023", "lawsuit_jurisdiction_state": "NJ", "lawsuit_docket_number": "MID-L-004271-23AS", "counsel": [{"counsel_firm_name": "MAUNE RAICHLE HARTLEY FRENCH & MUDD LLC", "counsel_name_of_attorney": "Patrick J Timmins", "counsel_type": "Local Plaintiff Counsel", "counsel_primary": "Yes"}], "injured_party": [{"injured_party_last_name": "Chaparro", "injured_party_first_name": "Efrain", "injured_party_suffix": null, "injured_party_gender": "Male", "injured_party_plaintiff_type": "Individual", "injured_party_marital_status": "MARRIED", "injured_party_birth_date": null, "plaintiff": [{"plaintiff_first_name": "Efrain", "plaintiff_last_name": "Chaparro", "plaintiff_suffix": null, "lead_plaintiff_yn": "YES", "plaintiff_legal_capacity": "SELF", "plaintiff_ssn": null, "plaintiff_street": "Carr 411 Km 4.9 Bo Jaguey", "plaintiff_city": "Aguada", "plaintiff_state": "PR", "plaintiff_zip": "00602", "plaintiff_zip_extension": null, "plaintiff_middle_name": "empty string", "plaintiff_phone_number": null, "plaintiff_phone_number_extension": null}, {"plaintiff_first_name": "Donativa", "plaintiff_last_name": "Chaparro", "plaintiff_suffix": null, "lead_plaintiff_yn": "NO", "plaintiff_legal_capacity": "SPOUSE", "plaintiff_ssn": null, "plaintiff_street": "Carr 411 Km 4.9 Bo Jaguey", "plaintiff_city": "Aguada", "plaintiff_state": "PR", "plaintiff_zip": "00602", "plaintiff_zip_extension": null, "plaintiff_middle_name": "empty string", "plaintiff_phone_number": null, "plaintiff_phone_number_extension": null}], "occupation_exposure": [{"occupation_title": "LABORER", "occupation_jobsite": "Standard Oil of New Jersey's Bayway Refinery", "occupation_jobsite_category": "LABORER", "occupation_jobsite_city": "Linden", "occupation_start_date": "01/01/1955", "occupation_end_date": "12/31/1960", "occupation_is_primary": "NO"}, {"occupation_title": "LABORER", "occupation_jobsite": "PSEG manholes", "occupation_jobsite_category": "LABORER", "occupation_jobsite_city": "West Orange", "occupation_start_date": "01/01/1960", "occupation_end_date": "12/31/1975", "occupation_is_primary": "YES"}], "diagnosis": [{"diagnosis_disease_name": "MESOTHELIOMA", "diagnosis_disease_category": "MESOTHELIOMA", "diagnosis_date": "04/25/2023", "diagnosis_disease_source": "Plaintiff Disease", "diagnosis_is_primary": "YES"}], "physician": [{"physician_first_name": null, "physician_middle_name": null, "physician_last_name": null, "physician_suffix": null, "physician_role": null, "physician_specialty": null, "date_of_physician_s_report": null, "date_of_physician_s_deposition": null, "physician_is_primary": "FALSE"}], "tobacco": [{"tobacco_type": null, "tobacco_start_date": null, "tobacco_end_date": null, "tobacco_packs_per_day": null, "tobacco_is_primary": null, "tobacco_comment": null}], "product_exposure": [], "related_party": [{"related_party_last_name": "Chaparro", "related_party_first_name": "Donativa", "related_party_middle_name": null, "related_party_suffix": null, "related_party_relationship": "SPOUSE", "related_party_legal_capacity": null, "related_party_SSN": null, "related_party_birth_date": null}], "injured_party_death_date": null, "injured_party_street": "Carr 411 Km 4.9 Bo Jaguey, Sector Bajio", "injured_party_city": "Aguada", "injured_party_state": "PR", "injured_party_zip": "00602", "injured_party_zip_ext": null, "injured_party_SSN": null, "injured_party_middle_name": null, "injured_party_is_loss_of_consortium_claimed": "Yes", "injured_party_is_wrongful_death_claimed": "NO", "injured_party_individual_docket_number": "MDL-875", "injured_party_military_member": null, "injured_party_phone_no": null, "injured_party_phone_no_ext": null, "injured_party_deceased": "DECEASED"}], "defendant_namings": [{"defendant_company": "AT&T CORPORATION, individually and as successor to New Jersey Bell.", "defendant_parent": null}, {"defendant_company": "EXXON MOBIL CORPORATION", "defendant_parent": null}, {"defendant_company": "FMC CORPORATION, on behalf of its former Chicago Pump, Peerless Pump and Northern Pump Businesses.", "defendant_parent": "FMC CORPORATION"}, {"defendant_company": "PARKWAY GENERATION OPERATING LLC", "defendant_parent": null}, {"defendant_company": "PSEG POWER LLC", "defendant_parent": null}, {"defendant_company": "PUBLIC SERVICE ELECTRIC AND GAS COMPANY", "defendant_parent": null}, {"defendant_company": "VERIZON NEW JERSEY, INC., individually and as successor to New Jersey Bell.", "defendant_parent": null}, {"defendant_company": "AIR & LIQUID SYSTEMS CORPORATION, as successor by merger to Buffalo Pumps, Inc.", "defendant_parent": null}, {"defendant_company": "AO SMITH WATER PRODUCTS COMPANY", "defendant_parent": null}, {"defendant_company": "AURORA PUMP COMPANY", "defendant_parent": null}, {"defendant_company": "BW/IP, INC. and Its Wholly-Owned Subsidiaries", "defendant_parent": null}, {"defendant_company": "CANVAS MW, LLC, formerly known as The Marley-Wylain Company", "defendant_parent": null}, {"defendant_company": "CLYDE UNION INC.", "defendant_parent": null}, {"defendant_company": "CROSBY VALVE, LLC", "defendant_parent": null}, {"defendant_company": "EXXON MOBIL CORPORATION", "defendant_parent": null}, {"defendant_company": "FOSTER WHEELER, LLC, survivor to a merger with Foster Wheeler Corporation", "defendant_parent": null}, {"defendant_company": "GOULDS PUMPS LLC", "defendant_parent": null}, {"defendant_company": "GRINNELL LLC", "defendant_parent": null}, {"defendant_company": "ITT LLC f/k/a ITT Corp., Bell & Gossett Co., Kennedy Valve Mfg. Co., Inc., and Hoffman Specialty Manufacturing Co.", "defendant_parent": null}, {"defendant_company": "JENKINS BROS.", "defendant_parent": null}, {"defendant_company": "J-M MANUFACTURING COMPANY, INC.", "defendant_parent": null}, {"defendant_company": "KOHLER CO.", "defendant_parent": null}, {"defendant_company": "REDCO CORPORATION f/k/a Crane Co.", "defendant_parent": null}, {"defendant_company": "RHEEM MANUFACTURING COMPANY", "defendant_parent": null}, {"defendant_company": "RILEY POWER INC.", "defendant_parent": null}, {"defendant_company": "TACO, INC.", "defendant_parent": null}, {"defendant_company": "YORK INTERNATIONAL CORPORATION", "defendant_parent": null}], "jurisdiction": "unknown"}]}