{"file_name": "PACE DEVELOP/546046434.pdf", "file": {"file_sent_from": "CT Corporation", "file_category_type": "Lawsuit", "log_number": "546046434"}, "lawsuit_service": [{"lawsuit_discovery_included": "YES", "lawsuit_amendment_number": "1", "lawsuit_is_multi_district": null, "lawsuit_jurisdiction": "LOS ANGELES", "lawsuit_administrative": false, "lawsuit_summons_date": "03/04/2024", "lawsuit_service_date": "03/25/2024", "lawsuit_received_date": "03/25/2024", "lawsuit_answer_due_days": "30", "lawsuit_answer_due_date": "04/24/2024", "lawsuit_allegation": "Product", "lawsuit_jurisdiction_state": "CA", "lawsuit_docket_number": "24STCV05470", "lawsuit_damage_descriptions": "Personal Injury", "lawsuit_third_party_company": null, "lawsuit_file_date": "03/04/2024", "lawsuit_harmful_material": "ASBESTOS", "lawsuit_company_served": "Redco Corporation", "lawsuit_tender_date": null, "lawsuit_case_caption": "GEORGE HOENIG and KAREN BRUBAKER, vs. PNEUMO ABEX LLC", "counsel": [{"counsel_firm_name": "Brayton Purcell LLP", "counsel_name_of_attorney": "David R Donadio", "counsel_type": "Local Plaintiff Counsel", "counsel_primary": "Yes"}], "injured_party": [{"injured_party_last_name": "BRUBAKER", "injured_party_first_name": "KAREN", "injured_party_suffix": null, "injured_party_gender": "Female", "injured_party_plaintiff_type": "Individual", "injured_party_marital_status": "MARRIED", "injured_party_birth_date": null, "plaintiff": [{"plaintiff_first_name": "GEORGE", "plaintiff_last_name": "HOENIG", "plaintiff_suffix": null, "lead_plaintiff_yn": "YES", "plaintiff_legal_capacity": "SELF", "plaintiff_ssn": null, "plaintiff_street": "1915 Pattiz Avenue", "plaintiff_city": "Long Beach", "plaintiff_state": "CA", "plaintiff_zip": "90815", "plaintiff_zip_extension": null, "plaintiff_middle_name": null, "plaintiff_phone_number": null, "plaintiff_phone_number_extension": null}, {"plaintiff_first_name": "KAREN", "plaintiff_last_name": "BRUBAKER", "plaintiff_suffix": null, "lead_plaintiff_yn": "NO", "plaintiff_legal_capacity": "SPOUSE", "plaintiff_ssn": null, "plaintiff_street": null, "plaintiff_city": null, "plaintiff_state": null, "plaintiff_zip": null, "plaintiff_zip_extension": null, "plaintiff_middle_name": "empty string", "plaintiff_phone_number": null, "plaintiff_phone_number_extension": null}], "occupation_exposure": [{"occupation_title": "MECHANIC", "occupation_jobsite": "Jimmy Whipple's auto wrecking and salvage yard Lake Elsinore, CA", "occupation_jobsite_category": "MECHANIC", "occupation_jobsite_city": "Lake Elsinore, CA", "occupation_start_date": "01/01/1971", "occupation_end_date": "07/31/1974", "occupation_is_primary": "NO"}, {"occupation_title": "SUPERINTENDENT", "occupation_jobsite": "Various commercial buildings in Southern California, including but not limited to Sears Roebuck & Co. Los Angeles, CA", "occupation_jobsite_category": "MAINTENANCE/CLEANER/REPAIRMAN", "occupation_jobsite_city": "Los Angeles, CA", "occupation_start_date": "01/01/1993", "occupation_end_date": "12/31/2001", "occupation_is_primary": "NO"}, {"occupation_title": "MILLWRIGHT", "occupation_jobsite": "Southwestern Engineering Corporation 6111 Bandini Blvd. Commerce City, CA", "occupation_jobsite_category": "OTHER", "occupation_jobsite_city": "Commerce City, CA", "occupation_start_date": "01/01/1978", "occupation_end_date": "12/31/1993", "occupation_is_primary": "YES"}], "diagnosis": [{"diagnosis_disease_name": "KIDNEY CANCER", "diagnosis_disease_category": "OTHER CANCER", "diagnosis_date": "07/01/2013", "diagnosis_disease_source": "Plaintiff Disease", "diagnosis_is_primary": "YES"}, {"diagnosis_disease_name": "ASBESTOSIS", "diagnosis_disease_category": "UNKNOWN", "diagnosis_date": null, "diagnosis_disease_source": "Plaintiff Disease", "diagnosis_is_primary": "NO"}, {"diagnosis_disease_name": "PLEURAL DISEASE", "diagnosis_disease_category": "NON-MALIGNANT", "diagnosis_date": null, "diagnosis_disease_source": "Plaintiff Disease", "diagnosis_is_primary": "NO"}], "physician": [{"physician_first_name": null, "physician_middle_name": null, "physician_last_name": null, "physician_suffix": null, "physician_role": null, "physician_specialty": null, "date_of_physician_s_report": null, "date_of_physician_s_deposition": null, "physician_is_primary": "FALSE"}], "tobacco": [{"tobacco_type": null, "tobacco_start_date": null, "tobacco_end_date": null, "tobacco_packs_per_day": null, "tobacco_is_primary": null, "tobacco_comment": null}], "product_exposure": [], "related_party": [{"related_party_last_name": "BRUBAKER", "related_party_first_name": "KAREN", "related_party_middle_name": null, "related_party_suffix": null, "related_party_relationship": "SPOUSE", "related_party_legal_capacity": null, "related_party_SSN": null, "related_party_birth_date": null}], "injured_party_death_date": null, "injured_party_street": null, "injured_party_city": null, "injured_party_state": null, "injured_party_zip": null, "injured_party_zip_ext": null, "injured_party_SSN": null, "injured_party_middle_name": null, "injured_party_is_loss_of_consortium_claimed": "Yes", "injured_party_is_wrongful_death_claimed": "NO", "injured_party_individual_docket_number": null, "injured_party_military_member": "empty string", "injured_party_phone_no": null, "injured_party_phone_no_ext": null, "injured_party_deceased": "UNKNOWN"}], "defendant_namings": [{"defendant_company": "PNEUMO ABEX LLC (FKA CRANE CO.)", "defendant_parent": null}, {"defendant_company": "MORSE TEC LLC, AS SUCCESSOR-BY-MERGER TO BORG-WARNER CORPORATION", "defendant_parent": null}, {"defendant_company": "A. W. CHESTERTON COMPANY", "defendant_parent": null}, {"defendant_company": "REDCO CORPORATION (FKA CRANE CO.)", "defendant_parent": null}, {"defendant_company": "FORD MOTOR COMPANY", "defendant_parent": null}, {"defendant_company": "BRIDGESTONE AMERICAS TIRE OPERATIONS, LLC (FKA BRIDGESTONE/FIRESTONE NORTH AMERICAN TIRE, LLC)", "defendant_parent": null}, {"defendant_company": "DCO LLC (FKA DANA COMPANIES, LLC)", "defendant_parent": null}, {"defendant_company": "GENERAL ELECTRIC COMPANY", "defendant_parent": null}, {"defendant_company": "BOOST HOLDCO COMPANY (FKA LAMONS GASKET COMPANY)", "defendant_parent": null}, {"defendant_company": "MCCORD CORPORATION (FKA MCCORD GASKET CORPORATION)", "defendant_parent": null}, {"defendant_company": "PARKER-HANNIFIN CORPORATION", "defendant_parent": null}, {"defendant_company": "PARAMOUNT GLOBAL, F/K/A VIACOMCBS INC., F/K/A CBS CORPORATION, A DELAWARE CORPORATION, F/K/A VIACOM INC., SUCCESSOR BY MERGER TO CBS CORPORATION, A PENNSYLVANIA CORPORATION, F/K/A WESTINGHOUSE ELECTRIC CORPORATION", "defendant_parent": null}, {"defendant_company": "STANDARD MOTOR PRODUCTS, INC.", "defendant_parent": null}, {"defendant_company": "GENUINE PARTS COMPANY", "defendant_parent": null}, {"defendant_company": "ATLAS SUPPLY CO.", "defendant_parent": null}, {"defendant_company": "CATERPILLAR INC.", "defendant_parent": null}, {"defendant_company": "JOY GLOBAL SURFACE MINING INC. (FKA P&H MINING EQUIPMENT INC.)", "defendant_parent": null}, {"defendant_company": "FEDERAL-MOGUL ASBESTOS PERSONAL INJURY TRUST AS SUCCESSOR TO FELT-PRODUCTS MANUFACTURING CO.", "defendant_parent": null}, {"defendant_company": "HYSTER-YALE GROUP, INC. (FKA NACCO MATERIALS HANDLING GROUP, INC.)", "defendant_parent": null}, {"defendant_company": "IMO INDUSTRIES INC.", "defendant_parent": null}, {"defendant_company": "AIR & LIQUID SYSTEMS CORPORATION", "defendant_parent": null}, {"defendant_company": "FMC CORPORATION", "defendant_parent": null}, {"defendant_company": "SPIRAX SARCO, INC.", "defendant_parent": null}, {"defendant_company": "BIG A AUTO PARTS, INC.", "defendant_parent": null}, {"defendant_company": "CALLAHAN AUTO SUPPLY, INC.", "defendant_parent": null}, {"defendant_company": "LONGTIN AUTO SUPPLY, INC.", "defendant_parent": null}, {"defendant_company": "CLARK'S DISCOUNT, INC. (DBA CLARK'S DISCOUNT AUTO PARTS)", "defendant_parent": null}, {"defendant_company": "TEAM C, INC.", "defendant_parent": null}, {"defendant_company": "STAR GLOVE & SAFETY PRODUCTS CORPORATION", "defendant_parent": null}, {"defendant_company": "GROVE U.S. L.L.C.", "defendant_parent": null}, {"defendant_company": "THE MANITOWOC COMPANY, INC.", "defendant_parent": null}, {"defendant_company": "JOHNSON CONTROLS, INC.", "defendant_parent": null}, {"defendant_company": "LUNDAY-THAGARD OIL COMPANY", "defendant_parent": null}, {"defendant_company": "ROBERTSHAW CONTROLS COMPANY", "defendant_parent": null}, {"defendant_company": "GRINNELL LLC (FKA GRINNELL CORPORATION, AKA GRINNELL FIRE)", "defendant_parent": null}, {"defendant_company": "APEX PLASTERING COMPANY", "defendant_parent": null}, {"defendant_company": "ENERPAC TOOL GROUP CORP. (FKA ACTUANT CORPORATION)", "defendant_parent": null}, {"defendant_company": "HENNESSY INDUSTRIES, LLC", "defendant_parent": null}], "jurisdiction": "unknown"}]}