{"file_name": "PACE DEVELOP/546331238.pdf", "file": {"file_name": "unknown", "file_sent_from": "CT Corporation", "file_category_type": "Lawsuit"}, "lawsuit_service": [{"lawsuit_company_served": "Joy Global Underground Mining LLC", "lawsuit_summons_date": "unknown", "lawsuit_damage_descriptions": "Personal Injury", "lawsuit_jurisdiction": "MADISON", "lawsuit_jurisdiction_state": "IL", "lawsuit_allegation": "Product and Premises", "lawsuit_file_date": "05/01/2024", "lawsuit_case_caption": "AUGUSTUS CHIPMAN, Plaintiff, vs. A.O. SMITH CORPORATION", "lawsuit_administrative": false, "lawsuit_is_multi_district": "unknown", "lawsuit_amendment_number": "unknown", "lawsuit_discovery_included": "NO", "lawsuit_docket_numbers": ["2024LA000471"], "lawsuit_service_date": "05/01/2024", "lawsuit_received_date": "05/01/2024", "lawsuit_answer_due_days": "30", "lawsuit_answer_due_date": "05/31/2024", "lawsuit_harmful_material": "ASBESTOS", "lawsuit_tender_date": "unknown", "lawsuit_third_party_company": "unknown", "counsel": [{"counsel_firm_name": "COONEY AND CONWAY", "counsel_name_of_attorney": "Lawrence Weisler", "counsel_type": "Local Plaintiff Counsel", "counsel_primary": "Yes"}], "injured_party": [{"injured_party_last_name": "CHIPMAN", "injured_party_first_name": "AUGUSTUS", "injured_party_suffix": "unknown", "injured_party_gender": "Male", "injured_party_plaintiff_type": "Individual", "injured_party_marital_status": "UNKNOWN", "injured_party_birth_date": "unknown", "plaintiff": [{"plaintiff_first_name": "AUGUSTUS", "plaintiff_last_name": "CHIPMAN", "plaintiff_suffix": "unknown", "lead_plaintiff_yn": "YES", "plaintiff_legal_capacity": "SELF", "plaintiff_ssn": "unknown", "plaintiff_street": "unknown", "plaintiff_city": "unknown", "plaintiff_state": "unknown", "plaintiff_zip": "unknown", "plaintiff_zip_extension": "unknown", "plaintiff_middle_name": "unknown", "plaintiff_phone_number": "unknown", "plaintiff_phone_number_extension": "unknown"}], "occupation_exposure": [{"occupation_title": "ASBESTOS INSULATOR", "occupation_jobsite": "C-I-L (a/k/a Canadian Industries Limited; DuPont of Canada), Lambton County/Sarnia, Ontario, Canada", "occupation_jobsite_category": "INSULATOR", "occupation_jobsite_city": "Sarnia", "occupation_start_date": "01/01/1949", "occupation_end_date": "12/31/1967", "occupation_is_primary": "NO"}, {"occupation_title": "ASBESTOS INSULATOR", "occupation_jobsite": "Kenworth Assembly Plant, Renton, Washington", "occupation_jobsite_category": "INSULATOR", "occupation_jobsite_city": "Renton", "occupation_start_date": "01/01/1981", "occupation_end_date": "12/31/1984", "occupation_is_primary": "NO"}, {"occupation_title": "ASBESTOS INSULATOR", "occupation_jobsite": "Home Remodeling and Additions Various Residential Jobsites Throughout Vancouver, British Columbia, Canada", "occupation_jobsite_category": "INSULATOR", "occupation_jobsite_city": "Vancouver", "occupation_start_date": "01/01/1966", "occupation_end_date": "12/31/1999", "occupation_is_primary": "YES"}], "diagnosis": [{"diagnosis_disease_name": "MESOTHELIOMA", "diagnosis_disease_category": "UNKNOWN", "diagnosis_date": "11/14/2023", "diagnosis_disease_source": "Plaintiff Disease", "diagnosis_is_primary": "YES"}, {"diagnosis_disease_name": "ASBESTOSIS", "diagnosis_disease_category": "UNKNOWN", "diagnosis_date": "11/14/2023", "diagnosis_disease_source": "Plaintiff Disease", "diagnosis_is_primary": "NO"}, {"diagnosis_disease_name": "OTHER CANCER", "diagnosis_disease_category": "OTHER CANCER", "diagnosis_date": "11/14/2023", "diagnosis_disease_source": "Plaintiff Disease", "diagnosis_is_primary": "NO"}], "physician": [{"physician_first_name": "unknown", "physician_middle_name": "unknown", "physician_last_name": "unknown", "physician_suffix": "unknown", "physician_role": "unknown", "physician_specialty": "unknown", "date_of_physician_s_report": "unknown", "date_of_physician_s_deposition": "unknown", "physician_is_primary": "FALSE"}], "tobacco": [{"tobacco_type": "unknown", "tobacco_start_date": "unknown", "tobacco_end_date": "unknown", "tobacco_packs_per_day": "unknown", "tobacco_is_primary": "unknown", "tobacco_comment": "unknown"}], "product_exposure": [], "related_party": [{"related_party_last_name": "unknown", "related_party_first_name": "unknown", "related_party_middle_name": "unknown", "related_party_suffix": "unknown", "related_party_relationship": "unknown", "related_party_legal_capacity": "unknown", "related_party_SSN": "unknown", "related_party_birth_date": "unknown"}], "injured_party_death_date": "unknown", "injured_party_street": "unknown", "injured_party_city": "unknown", "injured_party_state": "unknown", "injured_party_zip": "unknown", "injured_party_zip_ext": "unknown", "injured_party_SSN": "unknown", "injured_party_middle_name": "unknown", "injured_party_is_loss_of_consortium_claimed": "No", "injured_party_is_wrongful_death_claimed": "NO", "injured_party_individual_docket_number": "unknown", "injured_party_military_member": "unknown", "injured_party_phone_no": "unknown", "injured_party_phone_no_ext": "unknown", "injured_party_deceased": "UNKNOWN"}], "defendant_namings": [{"defendant_company": "A.O. SMITH CORPORATION", "defendant_parent": "unknown"}, {"defendant_company": "A.W. CHESTERTON COMPANY", "defendant_parent": "unknown"}, {"defendant_company": "ABB, Inc., as Successor-In-Interest to ITE Electrical", "defendant_parent": "unknown"}, {"defendant_company": "AIR & LIQUID SYSTEMS CORPORATION as Successor-By-Merger to BUFFALO PUMPS, INC.", "defendant_parent": "unknown"}, {"defendant_company": "AMERICAN BILTRITE, INC.", "defendant_parent": "unknown"}, {"defendant_company": "ARMSTRONG INTERNATIONAL, INC.", "defendant_parent": "unknown"}, {"defendant_company": "ARMSTRONG PUMPS, INC.", "defendant_parent": "unknown"}, {"defendant_company": "AURORA PUMP COMPANY", "defendant_parent": "unknown"}, {"defendant_company": "BORGWARNER MORSE TEC, LLC", "defendant_parent": "unknown"}, {"defendant_company": "BORGWARNER, INC.", "defendant_parent": "unknown"}, {"defendant_company": "BURNHAM, LLC f/k/a BURNHAM BOILER CO.", "defendant_parent": "unknown"}, {"defendant_company": "BW/IP Inc.", "defendant_parent": "unknown"}, {"defendant_company": "CARRIER CORPORATION, a Delaware Corporation", "defendant_parent": "unknown"}, {"defendant_company": "CLEAVER-BROOKS, INC.", "defendant_parent": "unknown"}, {"defendant_company": "COPES-VULCAN, INC.", "defendant_parent": "unknown"}, {"defendant_company": "CRANE COMPANY", "defendant_parent": "unknown"}, {"defendant_company": "CROWN, CORK & SEAL, USA, INC.", "defendant_parent": "unknown"}, {"defendant_company": "DANA COMPANIES, LLC", "defendant_parent": "unknown"}, {"defendant_company": "DAP, INC.", "defendant_parent": "unknown"}, {"defendant_company": "DEZURIK, INC.", "defendant_parent": "unknown"}, {"defendant_company": "DOMCO PRODUCTS TEXAS, INC.", "defendant_parent": "unknown"}, {"defendant_company": "EATON CORPORATION, Individually and as Successor-in-Interest to CUTLER HAMMER, INC.", "defendant_parent": "unknown"}, {"defendant_company": "ENSTAR HOLDINGS LLC, Individually, and as Subsidiary of ENSTAR GROUP LTD.", "defendant_parent": "unknown"}, {"defendant_company": "EXXON MOBIL CORPORATION", "defendant_parent": "unknown"}, {"defendant_company": "EXXONMOBIL OIL CORPORATION", "defendant_parent": "unknown"}, {"defendant_company": "FLOWSERVE US INC., as Successor-In-Interest to DURAMETALLIC CORPORATION", "defendant_parent": "unknown"}, {"defendant_company": "FLOWSERVE US, INC. a.k.a. FLOWSERVE PUMP CORP., Individually and as Successor-in-Interest to DURCO PUMPS", "defendant_parent": "unknown"}, {"defendant_company": "FLOWSERVE US, INC., a/k/a FLOWSERVE PUMP CORP., Individually, and as Successor-in-Interest to THE EDWARD VALVE AND MANUFACTURING COMPANY, and as Successor-in-Interest to ROCKWELL MANUFACTURING COMPANY", "defendant_parent": "unknown"}, {"defendant_company": "FLSMITH KEELER DORR OLIVER, INC., f/k/a KEELER/DORR-OLIVER", "defendant_parent": "unknown"}, {"defendant_company": "FMC CORPORATION", "defendant_parent": "unknown"}, {"defendant_company": "FMC CORPORATION, Individually, and as Successor-in-Interest to CHICAGO PUMP COMPANY", "defendant_parent": "unknown"}, {"defendant_company": "FOSTER WHEELER ENERGY CORPORATION", "defendant_parent": "unknown"}, {"defendant_company": "GARDNER DENVER, INC.", "defendant_parent": "unknown"}, {"defendant_company": "GENERAL ELECTRIC COMPANY", "defendant_parent": "unknown"}, {"defendant_company": "GENUINE PARTS CO.", "defendant_parent": "unknown"}, {"defendant_company": "GOULD ELECTRONICS, INC., as Successor-In-Interest to ITE ELECTRICAL", "defendant_parent": "unknown"}, {"defendant_company": "GOULDS PUMPS, INC.", "defendant_parent": "unknown"}, {"defendant_company": "GREENE, TWEED & CO.", "defendant_parent": "unknown"}, {"defendant_company": "GRINNELL, LLC", "defendant_parent": "unknown"}, {"defendant_company": "H.B. FULLER COMPANY (BENJAMIN FOSTER CO.)", "defendant_parent": "unknown"}, {"defendant_company": "HOWDEN BUFFALO, INC.", "defendant_parent": "unknown"}, {"defendant_company": "IMO INDUSTRIES, INC.", "defendant_parent": "unknown"}, {"defendant_company": "ITT, LLC, FKA BELL & GOSSETT PUMP COMPANY", "defendant_parent": "unknown"}, {"defendant_company": "JOHN CRANE, INC. f/k/a CRANE PACKING COMPANY", "defendant_parent": "unknown"}, {"defendant_company": "JOY GLOBAL UNDERGROUND MINING LLC F/K/A JOY TECHNOLOGIES LLC", "defendant_parent": "unknown"}, {"defendant_company": "KAISER GYPSUM COMPANY, INC.", "defendant_parent": "unknown"}, {"defendant_company": "LENNOX INDUSTRIES, INC.", "defendant_parent": "unknown"}, {"defendant_company": "MANNINGTON MILLS, INC.", "defendant_parent": "unknown"}, {"defendant_company": "McMASTER-CARR SUPPLY COMPANY", "defendant_parent": "unknown"}, {"defendant_company": "MERITOR, INC., formerly known as ARVINMERITOR, INC., Individually, and as Successor-in-Interest to EUCLID INDUSTIRES and as Successor-in-Interest to ROCKWELL INTERNATIONAL", "defendant_parent": "unknown"}, {"defendant_company": "METROPOLITAN LIFE INSURANCE COMPANY", "defendant_parent": "unknown"}, {"defendant_company": "MORSE TEC LLC, f/k/a BORGWARNER MORSE TEC LLC", "defendant_parent": "unknown"}, {"defendant_company": "OCCIDENTAL CHEMICAL CORPORATION (DUREZ DIVISION)", "defendant_parent": "unknown"}, {"defendant_company": "PACCAR, INC.", "defendant_parent": "unknown"}, {"defendant_company": "PARAMOUNT GLOBAL, f/k/a VIACOMCBS INC., f/k/a CBS CORPORATION, a Delaware Corporation, f/k/a VIACOM INC., Successor by merger to CBS CORPORATION, a Pennsylvania Corporation, f/k/a WESTINGHOUSE ELECTRIC CORPORATION", "defendant_parent": "unknown"}, {"defendant_company": "PARKER-HANNIFIN CORPORATION", "defendant_parent": "unknown"}, {"defendant_company": "PECW HOLDING COMPANY f/k/a PLASTICS ENGINEERING COMPANY", "defendant_parent": "PLASTICS ENGINEERING COMPANY"}, {"defendant_company": "PNEUMO-ABEX, as Successor-in-Interest to ABEX CORPORATION", "defendant_parent": "unknown"}, {"defendant_company": "REDCO CORPORATION, f/k/a CRANE COMPANY", "defendant_parent": "unknown"}, {"defendant_company": "RHEEM MANUFACTURING COMPANY", "defendant_parent": "unknown"}, {"defendant_company": "RHEEM MANUFACTURING COMPANY, Individually and as Successor-in-Interest to RUUD MANUFACTURING COMPANY", "defendant_parent": "unknown"}, {"defendant_company": "RILEY POWER, INC.", "defendant_parent": "unknown"}, {"defendant_company": "ROCKWELL AUTOMATION, as Successor-in-Interest to ALLEN BRADLEY COMPANY", "defendant_parent": "unknown"}, {"defendant_company": "ROGERS CORPORATION", "defendant_parent": "unknown"}, {"defendant_company": "RUST ENGINEERING AND CONSTRUCTION, INC.", "defendant_parent": "unknown"}, {"defendant_company": "SCHNEIDER ELECTRIC USA, INC., formerly known as SQUARE D COMPANY, INC.", "defendant_parent": "unknown"}, {"defendant_company": "SIEMENS INDUSTRY, INC., as successor-In-Interest to SIEMENS ENERGY & AUTOMATION, INC.", "defendant_parent": "unknown"}, {"defendant_company": "SPENCE ENGINEERING COMPANY, INC.", "defendant_parent": "unknown"}, {"defendant_company": "SPIRAX SARCO, INC.", "defendant_parent": "unknown"}, {"defendant_company": "STERLING FLUID SYSTEMS (USA), LLC.", "defendant_parent": "FMC CORPORATION"}, {"defendant_company": "SUPERIOR BOILER WORKS, INC.", "defendant_parent": "unknown"}, {"defendant_company": "TACO, INC.", "defendant_parent": "unknown"}, {"defendant_company": "UNION CARBIDE CORPORATION", "defendant_parent": "unknown"}, {"defendant_company": "UNIROYAL, INC.", "defendant_parent": "unknown"}, {"defendant_company": "WARREN PUMPS, LLC", "defendant_parent": "unknown"}, {"defendant_company": "WEIL-MCLAIN", "defendant_parent": "unknown"}, {"defendant_company": "WTI-RUST HOLDINGS, INC., f/k/a RUST INTERNATIONAL, INC.", "defendant_parent": "unknown"}, {"defendant_company": "YORK INTERNATIONAL CORPORATION, as Successor-in-Interest to YORK CORPORATION", "defendant_parent": "unknown"}, {"defendant_company": "YUBA HEAT TRANSFER, LLC", "defendant_parent": "unknown"}, {"defendant_company": "ZURN INDUSTRIES, LLC, f/k/a ZURN INDUSTRIES, INC.", "defendant_parent": "unknown"}]}]}