{"file_name": "PACE DEVELOP/546476332.pdf", "file": {"file_name": "24STCV10330", "file_category_type": "Civil Case Cover Sheet", "file_sent_from": "unknown"}, "lawsuit_service": [{"lawsuit_allegation": "Product", "lawsuit_administrative": false, "lawsuit_damage_descriptions": "Personal Injury", "lawsuit_discovery_included": "NO", "lawsuit_amendment_number": "unknown", "lawsuit_file_date": "04/24/2024", "lawsuit_company_served": "Vanderbilt Minerals, LLC", "lawsuit_service_date": "05/21/2024", "lawsuit_received_date": "05/21/2024", "lawsuit_answer_due_days": "30", "lawsuit_answer_due_date": "06/20/2024", "lawsuit_summons_date": "04/24/2024", "lawsuit_jurisdiction_state": "CA", "lawsuit_tender_date": "unknown", "lawsuit_is_multi_district": "unknown", "lawsuit_case_caption": "Maria Paz Copes and Guy D. Copes III, vs. American Art Clay Co., Inc.", "lawsuit_third_party_company": "unknown", "lawsuit_harmful_material": "ASBESTOS", "lawsuit_docket_numbers": ["24STCV10330"], "counsel": [{"counsel_firm_name": "DeBlase Brown Eyerly LLP", "counsel_name_of_attorney": "Eric Brown", "counsel_type": "Local Plaintiff Counsel", "counsel_primary": "Yes"}], "injured_party": [{"injured_party_last_name": "Copes", "injured_party_first_name": "Maria", "injured_party_suffix": "unknown", "injured_party_gender": "Female", "injured_party_plaintiff_type": "Individual", "injured_party_marital_status": "MARRIED", "injured_party_birth_date": "unknown", "plaintiff": [{"plaintiff_first_name": "Maria", "plaintiff_last_name": "Copes", "plaintiff_suffix": "unknown", "lead_plaintiff_yn": "YES", "plaintiff_legal_capacity": "SELF", "plaintiff_ssn": "unknown", "plaintiff_street": "7031 Geyser Ave.", "plaintiff_city": "Los Angeles", "plaintiff_state": "CA", "plaintiff_zip": "90041", "plaintiff_zip_extension": "unknown", "plaintiff_middle_name": "unknown", "plaintiff_phone_number": "unknown", "plaintiff_phone_number_extension": "unknown"}, {"plaintiff_first_name": "Guy", "plaintiff_last_name": "Copes III", "plaintiff_suffix": "unknown", "lead_plaintiff_yn": "NO", "plaintiff_legal_capacity": "SPOUSE", "plaintiff_ssn": "unknown", "plaintiff_street": "unknown", "plaintiff_city": "unknown", "plaintiff_state": "unknown", "plaintiff_zip": "unknown", "plaintiff_zip_extension": "unknown", "plaintiff_middle_name": "D.", "plaintiff_phone_number": "unknown", "plaintiff_phone_number_extension": "unknown"}], "occupation_exposure": [{"occupation_title": "UNKNOWN", "occupation_jobsite": "Southern California", "occupation_jobsite_category": "UNKNOWN OCCUPATION CATEGORY", "occupation_jobsite_city": "Los Angeles", "occupation_start_date": "01/01/1975", "occupation_end_date": "12/31/1990", "occupation_is_primary": "YES"}, {"occupation_title": "UNKNOWN", "occupation_jobsite": "Southern California", "occupation_jobsite_category": "UNKNOWN OCCUPATION CATEGORY", "occupation_jobsite_city": "Los Angeles", "occupation_start_date": "01/01/1980", "occupation_end_date": "12/31/1989", "occupation_is_primary": "NO"}], "diagnosis": [{"diagnosis_disease_name": "MESOTHELIOMA", "diagnosis_disease_category": "MESOTHELIOMA", "diagnosis_date": "02/17/2022", "diagnosis_disease_source": "Plaintiff Disease", "diagnosis_is_primary": "YES"}, {"diagnosis_disease_name": "OTHER", "diagnosis_disease_category": "UNKNOWN", "diagnosis_date": "unknown", "diagnosis_disease_source": "unknown", "diagnosis_is_primary": "NO"}, {"diagnosis_disease_name": "unknown", "diagnosis_disease_category": "unknown", "diagnosis_date": "unknown", "diagnosis_disease_source": "unknown", "diagnosis_is_primary": "unknown"}], "physician": [{"physician_first_name": "unknown", "physician_middle_name": "unknown", "physician_last_name": "unknown", "physician_suffix": "unknown", "physician_role": "unknown", "physician_specialty": "unknown", "date_of_physician_s_report": "unknown", "date_of_physician_s_deposition": "unknown", "physician_is_primary": "FALSE"}], "tobacco": [{"tobacco_type": "unknown", "tobacco_start_date": "unknown", "tobacco_end_date": "unknown", "tobacco_packs_per_day": "unknown", "tobacco_is_primary": "unknown", "tobacco_comment": "unknown"}], "product_exposure": [{"exposure_product_manufacturer": "Vanderbilt Minerals LLC", "exposure_product_type": "Talc", "exposure_brand": "unknown", "exposure_start_date": "01/01/1970", "exposure_end_date": "12/31/1999", "exposure_is_primary": "false"}], "related_party": [{"related_party_last_name": "unknown", "related_party_first_name": "unknown", "related_party_middle_name": "unknown", "related_party_suffix": "unknown", "related_party_relationship": "unknown", "related_party_legal_capacity": "unknown", "related_party_SSN": "unknown", "related_party_birth_date": "unknown"}], "injured_party_death_date": "unknown", "injured_party_street": "7031 Geyser Ave.", "injured_party_city": "Los Angeles", "injured_party_state": "CA", "injured_party_zip": "90041", "injured_party_zip_ext": "unknown", "injured_party_SSN": "unknown", "injured_party_middle_name": "unknown", "injured_party_is_loss_of_consortium_claimed": "Yes", "injured_party_is_wrongful_death_claimed": "NO", "injured_party_individual_docket_number": "unknown", "injured_party_military_member": "unknown", "injured_party_phone_no": "unknown", "injured_party_phone_no_ext": "unknown", "injured_party_deceased": "UNKNOWN"}], "defendant_namings": [{"defendant_company": "American Art Clay Co., Inc.", "defendant_parent": "unknown"}, {"defendant_company": "American Biltrite Inc.", "defendant_parent": "unknown"}, {"defendant_company": "Avon Products, Inc.", "defendant_parent": "unknown"}, {"defendant_company": "BWDAC, Inc.", "defendant_parent": "unknown"}, {"defendant_company": "Domco Products Texas LLP", "defendant_parent": "unknown"}, {"defendant_company": "Genuine Parts Company, individually and a/k/a Napa Auto Parts", "defendant_parent": "unknown"}, {"defendant_company": "Hill Brothers Chemical Company", "defendant_parent": "unknown"}, {"defendant_company": "Honeywell International Inc., Individually and as Successor-in-Interest to Allied Signal, Inc. and Bendix Corporation", "defendant_parent": "unknown"}, {"defendant_company": "Mannington Mills Inc.", "defendant_parent": "unknown"}, {"defendant_company": "Morse Tec LLC, f/k/a Borgwarner Morse Tec LLC, as successor-by-merger to Borg-Warner Corporation", "defendant_parent": "unknown"}, {"defendant_company": "Pfizer, Inc.", "defendant_parent": "unknown"}, {"defendant_company": "The Pep Boys Manny Moe & Jack of California", "defendant_parent": "unknown"}, {"defendant_company": "The Scotts Company LLC Individually and As Successor In Interest To Scotts Miracle-Gro Company", "defendant_parent": "unknown"}, {"defendant_company": "Tile Counsel of North America, Inc.", "defendant_parent": "unknown"}, {"defendant_company": "Union Carbide Corporation", "defendant_parent": "unknown"}, {"defendant_company": "Vanderbilt Minerals LLC Formerly Known As Rt Vanderbilt", "defendant_parent": "unknown"}]}]}