{"file_name": "PACE DEVELOP/546439727.pdf", "file": {"file_sent_from": "CT Corporation", "file_name": "546439727", "file_category_type": "Lawsuit"}, "lawsuit_service": [{"lawsuit_harmful_material": "ASBESTOS", "lawsuit_tender_date": "unknown", "lawsuit_file_date": "04/25/2024", "lawsuit_service_date": "05/15/2024", "lawsuit_received_date": "05/15/2024", "lawsuit_answer_due_days": "30", "lawsuit_answer_due_date": "06/14/2024", "lawsuit_damage_descriptions": "Personal Injury", "lawsuit_discovery_included": "NO", "lawsuit_summons_date": "05/15/2024", "lawsuit_third_party_company": "unknown", "lawsuit_is_multi_district": "unknown", "lawsuit_amendment_number": "unknown", "lawsuit_jurisdiction": "COOK", "lawsuit_case_caption": "ROY JOHNSON, Plaintiff, vs. A.W. CHESTERTON COMPANY", "lawsuit_administrative": false, "lawsuit_docket_numbers": ["2024L004522"], "lawsuit_jurisdiction_state": "IL", "lawsuit_allegation": "Product and Premises", "lawsuit_company_served": "SAINT-GOBAIN ABRASIVES, INC.", "counsel": [{"counsel_firm_name": "COONEY AND CONWAY", "counsel_name_of_attorney": "Lawrence R Weisler", "counsel_type": "Local Plaintiff Counsel", "counsel_primary": "Yes"}], "injured_party": [{"injured_party_last_name": "JOHNSON", "injured_party_first_name": "ROY", "injured_party_suffix": "unknown", "injured_party_gender": "Male", "injured_party_plaintiff_type": "Individual", "injured_party_marital_status": "unknown", "injured_party_birth_date": "unknown", "plaintiff": [{"plaintiff_first_name": "ROY", "plaintiff_last_name": "JOHNSON", "plaintiff_suffix": "unknown", "lead_plaintiff_yn": "YES", "plaintiff_legal_capacity": "SELF", "plaintiff_ssn": "unknown", "plaintiff_street": "unknown", "plaintiff_city": "unknown", "plaintiff_state": "unknown", "plaintiff_zip": "unknown", "plaintiff_zip_extension": "unknown", "plaintiff_middle_name": "unknown", "plaintiff_phone_number": "unknown", "plaintiff_phone_number_extension": "unknown"}], "occupation_exposure": [{"occupation_title": "CONSTRUCTION WORKER/LABORER", "occupation_jobsite": "Various Commercial Jobsites Throughout Illinois, lowa and Oklahoma", "occupation_jobsite_category": "OTHER", "occupation_jobsite_city": "UNKNOWN", "occupation_start_date": "01/01/1952", "occupation_end_date": "12/31/1964", "occupation_is_primary": "NO"}, {"occupation_title": "FOUNDRY WORKER", "occupation_jobsite": "John Deere Foundry, Malleable Works", "occupation_jobsite_category": "STEEL WORKER", "occupation_jobsite_city": "East Moline, IL", "occupation_start_date": "01/01/1965", "occupation_end_date": "12/31/1992", "occupation_is_primary": "NO"}, {"occupation_title": "UNKNOWN", "occupation_jobsite": "Home Remodeling and Additions", "occupation_jobsite_category": "UNKNOWN OCCUPATION CATEGORY", "occupation_jobsite_city": "UNKNOWN", "occupation_start_date": "01/01/1952", "occupation_end_date": "12/31/1992", "occupation_is_primary": "YES"}], "diagnosis": [{"diagnosis_disease_name": "LUNG CANCER", "diagnosis_disease_category": "LUNG CANCER", "diagnosis_date": "12/12/2022", "diagnosis_disease_source": "Plaintiff Disease", "diagnosis_is_primary": "YES"}, {"diagnosis_disease_name": "ASBESTOSIS", "diagnosis_disease_category": "UNKNOWN", "diagnosis_date": "unknown", "diagnosis_disease_source": "unknown", "diagnosis_is_primary": "NO"}, {"diagnosis_disease_name": "unknown", "diagnosis_disease_category": "unknown", "diagnosis_date": "unknown", "diagnosis_disease_source": "unknown", "diagnosis_is_primary": "unknown"}], "physician": [{"physician_first_name": "unknown", "physician_middle_name": "unknown", "physician_last_name": "unknown", "physician_suffix": "unknown", "physician_role": "unknown", "physician_specialty": "unknown", "date_of_physician_s_report": "unknown", "date_of_physician_s_deposition": "unknown", "physician_is_primary": "FALSE"}], "tobacco": [{"tobacco_type": "unknown", "tobacco_start_date": "unknown", "tobacco_end_date": "unknown", "tobacco_packs_per_day": "unknown", "tobacco_is_primary": "unknown", "tobacco_comment": "unknown"}], "product_exposure": [{"exposure_product_manufacturer": "FMC CORPORATION", "exposure_product_type": "PUMPS", "exposure_brand": "unknown", "exposure_start_date": "01/01/1952", "exposure_end_date": "12/31/1964", "exposure_is_primary": "unknown"}, {"exposure_product_manufacturer": "FMC CORPORATION", "exposure_product_type": "PACKINGS", "exposure_brand": "unknown", "exposure_start_date": "01/01/1952", "exposure_end_date": "12/31/1964", "exposure_is_primary": "unknown"}, {"exposure_product_manufacturer": "HENRY PRATT COMPANY", "exposure_product_type": "VALVES", "exposure_brand": "unknown", "exposure_start_date": "01/01/1952", "exposure_end_date": "12/31/1964", "exposure_is_primary": "unknown"}, {"exposure_product_manufacturer": "ITT, CORPORATION", "exposure_product_type": "VALVES", "exposure_brand": "unknown", "exposure_start_date": "01/01/1952", "exposure_end_date": "12/31/1964", "exposure_is_primary": "unknown"}, {"exposure_product_manufacturer": "ITT, CORPORATION", "exposure_product_type": "HEAT EXCHANGERS", "exposure_brand": "unknown", "exposure_start_date": "01/01/1952", "exposure_end_date": "12/31/1964", "exposure_is_primary": "unknown"}, {"exposure_product_manufacturer": "REDCO CORPORATION", "exposure_product_type": "PUMPS", "exposure_brand": "unknown", "exposure_start_date": "01/01/1952", "exposure_end_date": "12/31/1964", "exposure_is_primary": "unknown"}, {"exposure_product_manufacturer": "REDCO CORPORATION", "exposure_product_type": "VALVES", "exposure_brand": "unknown", "exposure_start_date": "01/01/1952", "exposure_end_date": "12/31/1964", "exposure_is_primary": "unknown"}], "related_party": [{"related_party_last_name": "unknown", "related_party_first_name": "unknown", "related_party_middle_name": "unknown", "related_party_suffix": "unknown", "related_party_relationship": "unknown", "related_party_legal_capacity": "unknown", "related_party_SSN": "unknown", "related_party_birth_date": "unknown"}], "injured_party_death_date": "unknown", "injured_party_street": "unknown", "injured_party_city": "unknown", "injured_party_state": "unknown", "injured_party_zip": "unknown", "injured_party_zip_ext": "unknown", "injured_party_SSN": "unknown", "injured_party_middle_name": "unknown", "injured_party_is_loss_of_consortium_claimed": "No", "injured_party_is_wrongful_death_claimed": "NO", "injured_party_individual_docket_number": "unknown", "injured_party_military_member": "unknown", "injured_party_phone_no": "unknown", "injured_party_phone_no_ext": "unknown", "injured_party_deceased": "UNKNOWN"}], "defendant_namings": [{"defendant_company": "A.W. CHESTERTON COMPANY", "defendant_parent": "unknown"}, {"defendant_company": "AFC-HOLCROFT, LLC, Individually, and as Successor-in-Interest to HOLCROFT", "defendant_parent": "unknown"}, {"defendant_company": "AFC-HOLCROFT, LLC, Individually, and as Successor-in-Interest to PACIFIC INDUSTRIAL FURNACE COMPANY (PIFCO)", "defendant_parent": "unknown"}, {"defendant_company": "AJAX MAGNETHERMIC CORPORATION", "defendant_parent": "unknown"}, {"defendant_company": "BMI REFRACTORY SERVICES, INC., as Successor-in-Interest to ADIENCE, INC.", "defendant_parent": "unknown"}, {"defendant_company": "CRANE COMPANY", "defendant_parent": "unknown"}, {"defendant_company": "CROWN, CORK & SEAL, USA, INC.", "defendant_parent": "unknown"}, {"defendant_company": "DAP, INC.", "defendant_parent": "unknown"}, {"defendant_company": "DEERE AND COMPANY", "defendant_parent": "unknown"}, {"defendant_company": "EATON CORPORATION, Individually and as Successor-in-Interest to CUTLER HAMMER, INC.", "defendant_parent": "unknown"}, {"defendant_company": "FMC CORPORATION", "defendant_parent": "unknown"}, {"defendant_company": "FOSECO, INC.", "defendant_parent": "unknown"}, {"defendant_company": "FOSTER WHEELER ENERGY CORPORATION", "defendant_parent": "unknown"}, {"defendant_company": "GENERAL ELECTRIC COMPANY", "defendant_parent": "unknown"}, {"defendant_company": "GOULDS PUMPS, INC.", "defendant_parent": "unknown"}, {"defendant_company": "GRINNELL, LLC", "defendant_parent": "unknown"}, {"defendant_company": "H.B. FULLER COMPANY (BENJAMIN FOSTER CO.)", "defendant_parent": "unknown"}, {"defendant_company": "HENRY PRATT COMPANY", "defendant_parent": "unknown"}, {"defendant_company": "INDUSTRIAL HOLDINGS CORPORATION, f/k/a THE CARBORUNDUM CORPORATION, a Delaware Corporation", "defendant_parent": "unknown"}, {"defendant_company": "IOWA-ILLINOIS TAYLOR INSULATION CONTRACTING INC.", "defendant_parent": "unknown"}, {"defendant_company": "IOWA-ILLINOIS TAYLOR INSULATION, INC.", "defendant_parent": "unknown"}, {"defendant_company": "ITT, CORPORATION, f/k/a BELL & GOSSETT PUMP COMPANY", "defendant_parent": "unknown"}, {"defendant_company": "ITT, LLC, FKA BELL & GOSSETT PUMP COMPANY", "defendant_parent": "unknown"}, {"defendant_company": "JOHN CRANE, INC. f/k/a CRANE PACKING COMPANY", "defendant_parent": "unknown"}, {"defendant_company": "LINDBERG", "defendant_parent": "unknown"}, {"defendant_company": "METROPOLITAN LIFE INSURANCE COMPANY", "defendant_parent": "unknown"}, {"defendant_company": "MUELLER CO., LTD.", "defendant_parent": "unknown"}, {"defendant_company": "PARAMOUNT GLOBAL, f/k/a VIACOMCBS INC., f/k/a CBS CORPORATION, a Delaware Corporation, f/k/a VIACOM INC., Successor by merger to CBS CORPORATION, a Pennsylvania Corporation, f/k/a WESTINGHOUSE ELECTRIC CORPORATION", "defendant_parent": "unknown"}, {"defendant_company": "REDCO CORPORATION, f/k/a CRANE COMPANY", "defendant_parent": "unknown"}, {"defendant_company": "RILEY POWER, INC.", "defendant_parent": "unknown"}, {"defendant_company": "ROCKWELL AUTOMATION, as Successor-in-Interest to ALLEN BRADLEY COMPANY", "defendant_parent": "unknown"}, {"defendant_company": "RUST ENGINEERING AND CONSTRUCTION, INC.", "defendant_parent": "unknown"}, {"defendant_company": "SAINT-GOBAIN ABRASIVES, INC., Individually and as successor by merger to NORTON INDUSTRIAL ABRASIVES CO.", "defendant_parent": "unknown"}, {"defendant_company": "SAINT-GOBAIN CERAMICS & PLASTICS, INC.", "defendant_parent": "unknown"}, {"defendant_company": "SCHNEIDER ELECTRIC USA, INC., formerly known as SQUARE D COMPANY, INC.", "defendant_parent": "unknown"}, {"defendant_company": "STERLING FLUID SYSTEMS (USA), LLC.", "defendant_parent": "FMC CORPORATION"}, {"defendant_company": "SURFACE COMBUSTION, INC.", "defendant_parent": "unknown"}, {"defendant_company": "THE J.R. CLARKSON COMPANY, SUCCESSOR BY MERGER TO ANDERSON, GREENWOOD, & COMPANY", "defendant_parent": "unknown"}, {"defendant_company": "UNION CARBIDE CORPORATION", "defendant_parent": "unknown"}, {"defendant_company": "UNIROYAL, INC.", "defendant_parent": "unknown"}, {"defendant_company": "WT/HRC CORPORATION, f/k/a WHITING CORPORATION", "defendant_parent": "unknown"}, {"defendant_company": "WTI-RUST HOLDINGS, INC., f/k/a RUST INTERNATIONAL, INC., a Delaware Corporation in their own right, and as Successor-in-Interest to M.W. KELLOGG COMPANY and SWINDELL RUST DIVISION", "defendant_parent": "unknown"}]}]}