{"file_name": "PACE DEVELOP/547245247.pdf", "file": {"log_number": "547245247", "file_sent_from": "CT Corporation", "file_category_type": "Lawsuit"}, "lawsuit_service": [{"lawsuit_administrative": "FALSE", "lawsuit_amendment_number": "2", "lawsuit_discovery_included": "NO", "lawsuit_third_party_company": null, "lawsuit_harmful_material": "ASBESTOS", "lawsuit_tender_date": null, "lawsuit_jurisdiction": "MADISON", "lawsuit_docket_number": "23LA682", "lawsuit_service_date": "09/03/2024", "lawsuit_received_date": "09/03/2024", "lawsuit_answer_due_days": "30", "lawsuit_answer_due_date": "10/03/2024", "lawsuit_is_multi_district": null, "lawsuit_allegation": "Product", "lawsuit_damage_descriptions": "Fatal Injury/Wrongful Death", "lawsuit_file_date": "08/26/2024", "lawsuit_company_served": "BIRD, INCORPORATED", "lawsuit_summons_date": "09/03/2024", "lawsuit_jurisdiction_state": "IL", "lawsuit_case_caption": "REBECCA MONTANEZ, Individually and as Special Administrator for the Estate of FRANK E. MURPHY, JR., deceased, vs. AIR & LIQUID SYSTEMS CORP.", "counsel": [{"counsel_firm_name": "SHRADER & ASSOCIATES, LLP", "counsel_name_of_attorney": "ALLYSON M ROMANI", "counsel_type": "Local Plaintiff Counsel", "counsel_primary": "Yes"}], "injured_party": [{"injured_party_last_name": "MURPHY", "injured_party_first_name": "FRANK", "injured_party_suffix": "JR", "injured_party_gender": "Male", "injured_party_plaintiff_type": "Individual", "injured_party_marital_status": "UNKNOWN", "injured_party_birth_date": null, "plaintiff": [{"plaintiff_first_name": "REBECCA", "plaintiff_last_name": "MONTANEZ", "plaintiff_suffix": null, "lead_plaintiff_yn": "YES", "plaintiff_legal_capacity": "SELF", "plaintiff_ssn": null, "plaintiff_street": "Pace", "plaintiff_city": "Pace", "plaintiff_state": "FL", "plaintiff_zip": null, "plaintiff_zip_extension": null, "plaintiff_middle_name": "empty string", "plaintiff_phone_number": null, "plaintiff_phone_number_extension": null}, {"plaintiff_first_name": "FRANK", "plaintiff_last_name": "MURPHY", "plaintiff_suffix": "JR", "lead_plaintiff_yn": "NO", "plaintiff_legal_capacity": "CHILD", "plaintiff_ssn": null, "plaintiff_street": null, "plaintiff_city": null, "plaintiff_state": null, "plaintiff_zip": null, "plaintiff_zip_extension": null, "plaintiff_middle_name": "E.", "plaintiff_phone_number": null, "plaintiff_phone_number_extension": null}], "occupation_exposure": [{"occupation_title": "PAINTER", "occupation_jobsite": "MURPHY PAINT", "occupation_jobsite_category": "PAINTER", "occupation_jobsite_city": "PENSACOLA, FL", "occupation_start_date": "01/01/1969", "occupation_end_date": "12/31/1997", "occupation_is_primary": "YES"}], "diagnosis": [{"diagnosis_disease_name": "MESOTHELIOMA", "diagnosis_disease_category": "MESOTHELIOMA", "diagnosis_date": "09/01/2022", "diagnosis_disease_source": "Plaintiff Disease", "diagnosis_is_primary": "YES"}], "physician": [{"physician_first_name": null, "physician_middle_name": null, "physician_last_name": null, "physician_suffix": null, "physician_role": null, "physician_specialty": null, "date_of_physician_s_report": null, "date_of_physician_s_deposition": null, "physician_is_primary": "FALSE"}], "tobacco": [{"tobacco_type": null, "tobacco_start_date": null, "tobacco_end_date": null, "tobacco_packs_per_day": null, "tobacco_is_primary": null, "tobacco_comment": null}], "product_exposure": [{"exposure_product_manufacturer": "BIRD, INC.", "exposure_product_type": "PUMPS", "exposure_brand": null, "exposure_start_date": "01/01/1970", "exposure_end_date": "12/31/1978", "exposure_is_primary": "true"}], "related_party": [{"related_party_last_name": "MURPHY", "related_party_first_name": "REBECCA", "related_party_middle_name": null, "related_party_suffix": null, "related_party_relationship": "ADULT CHILD", "related_party_legal_capacity": "Special Administrator", "related_party_SSN": null, "related_party_birth_date": null}], "injured_party_death_date": "01/29/2023", "injured_party_street": null, "injured_party_city": null, "injured_party_state": null, "injured_party_zip": null, "injured_party_zip_ext": null, "injured_party_SSN": null, "injured_party_middle_name": "E.", "injured_party_is_loss_of_consortium_claimed": "No", "injured_party_is_wrongful_death_claimed": "YES", "injured_party_individual_docket_number": null, "injured_party_military_member": null, "injured_party_phone_no": null, "injured_party_phone_no_ext": null, "injured_party_deceased": "DECEASED"}], "defendant_namings": [{"defendant_company": "AIR & LIQUID SYSTEMS CORP., as successor-by merger to BUFFALO PUMPS, INC.", "defendant_parent": null}, {"defendant_company": "AMERON INTERNATIONAL CORP.", "defendant_parent": null}, {"defendant_company": "A.O. SMITH CORPORATION", "defendant_parent": null}, {"defendant_company": "ARMSTRONG INTERNATIONAL, INC.", "defendant_parent": null}, {"defendant_company": "AURORA PUMP COMPANY", "defendant_parent": null}, {"defendant_company": "AWC 1997 CORPORATION f/k/a ALPHA WIRE CORP.", "defendant_parent": null}, {"defendant_company": "BIRD, INC.", "defendant_parent": null}, {"defendant_company": "BLACKMER PUMP COMPANY", "defendant_parent": null}, {"defendant_company": "CAMERON INTERNATIONAL CORPORATION", "defendant_parent": null}, {"defendant_company": "CHICAGO BRIDGE & IRON COMPANY", "defendant_parent": null}, {"defendant_company": "CLEAVER-BROOKS, f/k/a CLEAVER-BROOKS, a Division of AQUA-CHEM, INC.", "defendant_parent": "CLEAVER BROOKS INC"}, {"defendant_company": "CONWED CORPORATION", "defendant_parent": null}, {"defendant_company": "COPES-VULCAN, INC.", "defendant_parent": null}, {"defendant_company": "CROWN CORK & SEAL USA, INC.", "defendant_parent": null}, {"defendant_company": "DANIEL INTERNATIONAL CORPORATION", "defendant_parent": null}, {"defendant_company": "DAP, INC. n/k/a La MIRADA PRODUCTS CO., INC.", "defendant_parent": null}, {"defendant_company": "DOMCO PRODUCTS TEXAS, INC.", "defendant_parent": null}, {"defendant_company": "THE DOW CHEMICAL COMPANY", "defendant_parent": null}, {"defendant_company": "EATON CORPORATION f/k/a CUTLER HAMMER, INC.", "defendant_parent": null}, {"defendant_company": "FL SMIDTH DORR-OLIVER, INC., as successor to KEELER/DORR-OLIVER BOILER COMPANY", "defendant_parent": null}, {"defendant_company": "FLOWSERVE U.S., INC., as successor to ROCKWELL MANUFACTURING CO., and EDWARD VALVE CO.", "defendant_parent": null}, {"defendant_company": "FLUOR CORPORATION", "defendant_parent": null}, {"defendant_company": "FLUOR ENTERPRISES, INC.", "defendant_parent": null}, {"defendant_company": "FMC CORPORATION", "defendant_parent": null}, {"defendant_company": "FOSTER WHEELER ENERGY CORPORATION", "defendant_parent": null}, {"defendant_company": "GARDNER DENVER, INC.", "defendant_parent": null}, {"defendant_company": "GENERAL CABLE CORPORATION", "defendant_parent": null}, {"defendant_company": "GENERAL ELECTRIC COMPANY", "defendant_parent": null}, {"defendant_company": "GOULDS PUMPS, LLC", "defendant_parent": null}, {"defendant_company": "GRINNELL CORPORATION", "defendant_parent": null}, {"defendant_company": "HONEYWELL INTERNATIONAL, INC.", "defendant_parent": null}, {"defendant_company": "HOWDEN NORTH AMERICA, INC.", "defendant_parent": null}, {"defendant_company": "IMO INDUSTRIES, INC.", "defendant_parent": null}, {"defendant_company": "INTERNATIONAL PAPER COMPANY", "defendant_parent": null}, {"defendant_company": "ITT CORPORATION", "defendant_parent": null}, {"defendant_company": "JOHN CRANE, INC.", "defendant_parent": null}, {"defendant_company": "JOY GLOBAL UNDERGROUND MINING, LLC f/k/a JOY TECHNOLOGIES, LLC", "defendant_parent": null}, {"defendant_company": "KAISER GYPSUM COMPANY, INC.", "defendant_parent": null}, {"defendant_company": "KARNAK CORPORATION", "defendant_parent": null}, {"defendant_company": "KCG, INC.", "defendant_parent": null}, {"defendant_company": "THE KRAISSL COMPANY, INCORPORATED", "defendant_parent": null}, {"defendant_company": "KROGH PUMP COMPANY, INC.", "defendant_parent": null}, {"defendant_company": "MCNALLY INDUSTRIES, INC., as successor-in-interest to NORTHERN PUMP COMPANY", "defendant_parent": null}, {"defendant_company": "MERITOR, INC. f/k/a ARVINMERITOR, INC.", "defendant_parent": null}, {"defendant_company": "METROPOLITAN LIFE INSURANCE CO.", "defendant_parent": null}, {"defendant_company": "MINE SAFETY APPLIANCES COMPANY", "defendant_parent": null}, {"defendant_company": "MORSE TEC, LLC f/k/a BORG-WARNER MORSE TEC, LLC", "defendant_parent": null}, {"defendant_company": "MW CUSTOM PAPERS, LLC", "defendant_parent": null}, {"defendant_company": "NAVISTAR, INC.", "defendant_parent": null}, {"defendant_company": "NOOTER CORPORATION", "defendant_parent": null}, {"defendant_company": "P. VALVE CO.", "defendant_parent": null}, {"defendant_company": "PARAMOUNT GLOBAL f/k/a ViacomCBS, Inc. f/k/a CBS Corporation, a Delaware Corporation f/k/a Viacom, Inc., successor by merger to CBS Corporation, a Pennsylvania Corporation f/k/a Westinghouse Electric Corporation", "defendant_parent": null}, {"defendant_company": "PFIZER, INC.", "defendant_parent": null}, {"defendant_company": "PNEUMO ABEX, LLC", "defendant_parent": null}, {"defendant_company": "REDCO CORPORATION f/k/a CRANE CO.", "defendant_parent": null}, {"defendant_company": "RILEY STOKER CORPORATION", "defendant_parent": null}, {"defendant_company": "SCHNEIDER ELECTRIC USA, INC., f/k/a SQUARE D", "defendant_parent": null}, {"defendant_company": "THE SHERWIN WILLIAMS COMPANY", "defendant_parent": null}, {"defendant_company": "SIMPSON TIMBER COMPANY", "defendant_parent": null}, {"defendant_company": "SOUTHERN WALL PRODUCTS, INC.", "defendant_parent": null}, {"defendant_company": "SPENCE ENGINEERING COMPANY, INC.", "defendant_parent": null}, {"defendant_company": "SPIRAX SARCO, INC.", "defendant_parent": null}, {"defendant_company": "STERLING FLUID SYSTEMS (USA), LLC, f/k/a Peerless Pump Co., Inc.", "defendant_parent": "FMC CORPORATION"}, {"defendant_company": "TARKETT USA, INC.", "defendant_parent": null}, {"defendant_company": "TATE ANDALE, INC.", "defendant_parent": null}, {"defendant_company": "TRECO CONSTRUCTION SERVICES, INC. f/k/a THE RUST ENGINEERING COMPANY", "defendant_parent": null}, {"defendant_company": "UNION CARBIDE CORPORATION", "defendant_parent": null}, {"defendant_company": "VANDERBILT MINERALS, LLC", "defendant_parent": null}, {"defendant_company": "VELAN VALVE CORPORATION", "defendant_parent": null}, {"defendant_company": "WARREN PUMPS, LLC", "defendant_parent": null}, {"defendant_company": "WEIL-McLAIN", "defendant_parent": null}, {"defendant_company": "WEIR VALVES & CONTROLS USA, INC., f/k/a Atwood & Morrill", "defendant_parent": null}, {"defendant_company": "WELCO MANUFACTURING CO.", "defendant_parent": null}, {"defendant_company": "WEYERHAEUSER COMPANY", "defendant_parent": null}, {"defendant_company": "ZURN INDUSTRIES, LLC", "defendant_parent": null}], "jurisdiction": "unknown"}]}