{"file_name": "PACE TEST/547343244.pdf", "file": {"file_sent_from": "CT Corporation", "file_category_type": "Lawsuit", "log_number": "547343244"}, "lawsuit_service": [{"lawsuit_service_date": "09/18/2024", "lawsuit_received_date": "09/18/2024", "lawsuit_answer_due_days": "20", "lawsuit_answer_due_date": "10/08/2024", "lawsuit_summons_date": null, "lawsuit_is_multi_district": null, "lawsuit_company_served": "Joy Global Underground Mining LLC", "lawsuit_tender_date": null, "lawsuit_damage_descriptions": null, "lawsuit_file_date": "09/18/2024", "lawsuit_administrative": "FALSE", "lawsuit_allegation": "Product", "lawsuit_harmful_material": "ASBESTOS", "lawsuit_third_party_company": null, "lawsuit_jurisdiction": "PHILADELPHIA", "lawsuit_discovery_included": "NO", "lawsuit_amendment_number": "000", "lawsuit_case_caption": "RONALD W. ZACK and CAROL ZACK, vs. ABB INC., individually and as successor-in-interest to Bailey Controls and ITE Imperial Company f/k/a ITE Circuit Breaker Company", "lawsuit_docket_number": "230801695", "lawsuit_jurisdiction_state": "PA", "counsel": [{"counsel_firm_name": "THE HALPERN LAW FIRM, LLC", "counsel_name_of_attorney": "DAVID B HALPERN", "counsel_type": "Local Plaintiff Counsel", "counsel_primary": "Yes"}], "injured_party": [{"injured_party_last_name": "Zack", "injured_party_first_name": "Ronald", "injured_party_suffix": null, "injured_party_gender": "Male", "injured_party_plaintiff_type": "Individual", "injured_party_marital_status": "MARRIED", "injured_party_birth_date": "10/30/1938", "plaintiff": [{"plaintiff_first_name": "Ronald", "plaintiff_last_name": "Zack", "plaintiff_suffix": null, "lead_plaintiff_yn": "YES", "plaintiff_legal_capacity": "SELF", "plaintiff_ssn": null, "plaintiff_street": "98 Municipal Rd.", "plaintiff_city": "Berwick", "plaintiff_state": "PA", "plaintiff_zip": "18603", "plaintiff_zip_extension": null, "plaintiff_middle_name": "empty string", "plaintiff_phone_number": null, "plaintiff_phone_number_extension": null}, {"plaintiff_first_name": "Carol", "plaintiff_last_name": "Zack", "plaintiff_suffix": null, "lead_plaintiff_yn": "NO", "plaintiff_legal_capacity": "SPOUSE", "plaintiff_ssn": null, "plaintiff_street": "98 Municipal Rd.", "plaintiff_city": "Berwick", "plaintiff_state": "PA", "plaintiff_zip": "18603", "plaintiff_zip_extension": null, "plaintiff_middle_name": null, "plaintiff_phone_number": null, "plaintiff_phone_number_extension": null}], "occupation_exposure": [{"occupation_title": "BOILER REPAIRMAN/ENGINEER", "occupation_jobsite": "USS The Sullivans 537 DD-531-fletcher class", "occupation_jobsite_category": "OTHER", "occupation_jobsite_city": "UNKNOWN", "occupation_start_date": "01/01/1956", "occupation_end_date": "12/31/1959", "occupation_is_primary": "NO"}, {"occupation_title": "STATIONARY ENGINEER/BOILER ENGINEER", "occupation_jobsite": "Greystone Hospital, Morristown, NJ", "occupation_jobsite_category": "OTHER", "occupation_jobsite_city": "Morristown, NJ", "occupation_start_date": "01/01/1960", "occupation_end_date": "12/31/1971", "occupation_is_primary": "YES"}], "diagnosis": [{"diagnosis_disease_name": "PLEURAL PLAQUES", "diagnosis_disease_category": "NON-MALIGNANT", "diagnosis_date": "03/15/2023", "diagnosis_disease_source": "Plaintiff Disease", "diagnosis_is_primary": "YES"}], "physician": [{"physician_first_name": null, "physician_middle_name": null, "physician_last_name": null, "physician_suffix": null, "physician_role": null, "physician_specialty": null, "date_of_physician_s_report": null, "date_of_physician_s_deposition": null, "physician_is_primary": "FALSE"}], "tobacco": [{"tobacco_type": "CIGARETTES", "tobacco_start_date": "01/01/1954", "tobacco_end_date": "12/31/1969", "tobacco_packs_per_day": "1", "tobacco_is_primary": "Yes", "tobacco_comment": null}], "product_exposure": [], "related_party": [{"related_party_last_name": "Zack", "related_party_first_name": "Carol", "related_party_middle_name": null, "related_party_suffix": null, "related_party_relationship": "SPOUSE", "related_party_legal_capacity": null, "related_party_SSN": null, "related_party_birth_date": "02/10/1943"}], "injured_party_death_date": null, "injured_party_street": "98 Municipal Rd.", "injured_party_city": "Berwick", "injured_party_state": "PA", "injured_party_zip": "18603", "injured_party_zip_ext": null, "injured_party_SSN": null, "injured_party_middle_name": null, "injured_party_is_loss_of_consortium_claimed": "No", "injured_party_is_wrongful_death_claimed": "NO", "injured_party_individual_docket_number": "MDL-875", "injured_party_military_member": "NAVY", "injured_party_phone_no": null, "injured_party_phone_no_ext": null, "injured_party_deceased": "UNKNOWN"}], "defendant_namings": [{"defendant_company": "ABB INC., individually and as successor-in-interest to Bailey Controls and ITE Imperial Company f/k/a ITE Circuit Breaker Company", "defendant_parent": null}, {"defendant_company": "ABB, Inc., individually and as successor-in-interest to BBC BROWN BOVERI, INC. and BAILEY METER COMPANY", "defendant_parent": null}, {"defendant_company": "AIR & LIQUID SYSTEMS CORPORATION, successor by merger to BUFFALO AIR HANDLING COMPANY and BUFFALO PUMPS, INC.", "defendant_parent": null}, {"defendant_company": "ARMSTRONG INTERNATIONAL, INC.", "defendant_parent": null}, {"defendant_company": "BW/IP, INC., and its wholly owned subsidiaries", "defendant_parent": null}, {"defendant_company": "CAMPBELL SOUP COMPANY", "defendant_parent": null}, {"defendant_company": "CARRIER CORPORATION, Individually and as successor to ICP and a/k/a UNITED TECHNOLOGIES CORP., sii to BRYANT HEATING", "defendant_parent": null}, {"defendant_company": "CLEAVER-BROOKS, INC.", "defendant_parent": null}, {"defendant_company": "COPES VULCAN, INC.", "defendant_parent": null}, {"defendant_company": "CROWN CORK & SEAL CO, INC.", "defendant_parent": null}, {"defendant_company": "DAP, INC. k/n/a LA MIRADA PRODUCTS CO., INC.", "defendant_parent": null}, {"defendant_company": "ELECTROLUX HOME PRODUCTS, INC., as successor by merger to WHITE CONSOLIDATED INDUSTRIES, and successor by merger to COPES-VULCAN, INC.", "defendant_parent": null}, {"defendant_company": "FLOWSERVE US, INC., Individually and as successor to EDWARD VALVES, INC., EDWARD VOGT VALVE COMPANY, ROCKWELL MANUFACTURING COMPANY, NORDSTROM VALVES, and MCCANNA CORPORATION", "defendant_parent": null}, {"defendant_company": "FOSTER WHEELER ENERGY CORPORATION", "defendant_parent": null}, {"defendant_company": "GENUINE PARTS COMPANY f/k/a NAPA AUTO PARTS", "defendant_parent": null}, {"defendant_company": "GOULD ELECTRONICS INC., Individually and as successor-in-interest to I-T-E and BULLDOG ELECTRIC", "defendant_parent": null}, {"defendant_company": "GREENE, TWEED & COMPANY, INC.", "defendant_parent": null}, {"defendant_company": "GRINNELL LLC D/B/A GRINNELL CORPORATION", "defendant_parent": null}, {"defendant_company": "IMO INDUSTRIES INC., f/k/a DELAVAL TURBINE, INC., and as successor-in-interest to C.H. WHEELER MANUFACTURING COMPANY", "defendant_parent": null}, {"defendant_company": "ITT LLC, as successor-in-interest to ITT CORPORATION, f/k/a BELL & GOSSETT, FOSTER ENGINEERING", "defendant_parent": null}, {"defendant_company": "J.M. SMUCKER COMPANY", "defendant_parent": null}, {"defendant_company": "KRAFT HEINZ FOODS COMPANY", "defendant_parent": null}, {"defendant_company": "METROPOLITAN LIFE INSURANCE COMPANY", "defendant_parent": null}, {"defendant_company": "OSRAM SYLVANIA INC., f/k/a GTE SYLVANIA INC., Individually and successor-in-interest to ZINSCO ELECTRICAL PRODUCTS COMPANY", "defendant_parent": null}, {"defendant_company": "REDCO CORPORATION, f/k/a CRANE CO., Individually and as successor-in-interest to CHAPMAN VALVE CO.", "defendant_parent": null}, {"defendant_company": "RILEY POWER, INC. f/k/a RILEY STOKER CORPORATION", "defendant_parent": null}, {"defendant_company": "SCHNEIDER ELECTRIC USA, INC., f/k/a SQUARE D COMPANY", "defendant_parent": null}, {"defendant_company": "SPIRAX SARCO, INC., Individually and as Successor to SARCO COMPANY", "defendant_parent": null}, {"defendant_company": "STERLING FLUID SYSTEMS (USA) LLC", "defendant_parent": "FMC CORPORATION"}, {"defendant_company": "THE WILLIAM POWELL COMPANY", "defendant_parent": null}, {"defendant_company": "VALVES AND CONTROLS US, INC. F/K/A WEIR VALVES & CONTROLS USA, INC. F/K/A ATWOOD & MORRILL CO., INC.", "defendant_parent": null}, {"defendant_company": "VELAN VALVE CORPORATION", "defendant_parent": null}, {"defendant_company": "WARREN PUMPS, LLC", "defendant_parent": null}, {"defendant_company": "JOY GLOBAL UNDERGROUND MINING LLC, f/k/a JOY TECHNOLOGIES", "defendant_parent": null}, {"defendant_company": "STAR-KIST FOODS, INC.", "defendant_parent": null}], "jurisdiction": "unknown"}]}