{
    "file_name": "PACE TEST/547367375.pdf",
    "file": {
        "file_sent_from": "CT Corporation",
        "log_number": "547367375",
        "file_category_type": "Lawsuit"
    },
    "lawsuit_service": [
        {
            "lawsuit_administrative": "FALSE",
            "lawsuit_file_date": "09/18/2024",
            "lawsuit_discovery_included": "NO",
            "lawsuit_allegation": "Product",
            "lawsuit_company_served": "REDCO CORPORATION",
            "lawsuit_summons_date": "09/18/2024",
            "lawsuit_jurisdiction": "MIDDLESEX",
            "lawsuit_docket_number": "MID-L-004271-23AS",
            "lawsuit_harmful_material": "ASBESTOS",
            "lawsuit_damage_descriptions": "Fatal Injury/Wrongful Death",
            "lawsuit_tender_date": null,
            "lawsuit_third_party_company": null,
            "lawsuit_jurisdiction_state": "NJ",
            "lawsuit_is_multi_district": null,
            "lawsuit_case_caption": "DONATIVA CHAPARRO, on Her Own Behalf and As the Surviving Spouse of EFRAIN CHAPARRO, and DAISY CHAPARRO RAMIREZ as the Executor of the Estate of EFRAIN CHAPARRO, vs. AT&T CORPORATION",
            "lawsuit_amendment_number": "3",
            "lawsuit_service_date": "09/20/2024",
            "lawsuit_received_date": "09/20/2024",
            "lawsuit_answer_due_days": "20",
            "lawsuit_answer_due_date": "10/10/2024",
            "counsel": [
                {
                    "counsel_firm_name": "Maune Raichle Hartley French & Mudd, LLC",
                    "counsel_name_of_attorney": "Andrew M Grous",
                    "counsel_type": "Local Plaintiff Counsel",
                    "counsel_primary": "Yes"
                }
            ],
            "injured_party": [
                {
                    "injured_party_last_name": "Chaparro",
                    "injured_party_first_name": "Efrain",
                    "injured_party_suffix": null,
                    "injured_party_gender": "Male",
                    "injured_party_plaintiff_type": "Individual",
                    "injured_party_marital_status": "MARRIED",
                    "injured_party_birth_date": "01/01/1934",
                    "plaintiff": [
                        {
                            "plaintiff_first_name": "Donativa",
                            "plaintiff_last_name": "Chaparro",
                            "plaintiff_suffix": null,
                            "lead_plaintiff_yn": "YES",
                            "plaintiff_legal_capacity": "SELF",
                            "plaintiff_ssn": null,
                            "plaintiff_street": "Carr 411 Km 4.9 Bo Jaguey",
                            "plaintiff_city": "Aguada",
                            "plaintiff_state": "PR",
                            "plaintiff_zip": "00602",
                            "plaintiff_zip_extension": null,
                            "plaintiff_middle_name": "empty string",
                            "plaintiff_phone_number": null,
                            "plaintiff_phone_number_extension": null
                        },
                        {
                            "plaintiff_first_name": "Daisy",
                            "plaintiff_last_name": "Chaparro Ramirez",
                            "plaintiff_suffix": null,
                            "lead_plaintiff_yn": "NO",
                            "plaintiff_legal_capacity": "SURVIVING SPOUSE",
                            "plaintiff_ssn": null,
                            "plaintiff_street": "180 Talmadge Rd, Suite 962",
                            "plaintiff_city": "Edison",
                            "plaintiff_state": "NJ",
                            "plaintiff_zip": "08817",
                            "plaintiff_zip_extension": null,
                            "plaintiff_middle_name": "Francisco",
                            "plaintiff_phone_number": null,
                            "plaintiff_phone_number_extension": null
                        }
                    ],
                    "occupation_exposure": [
                        {
                            "occupation_title": "LABORER",
                            "occupation_jobsite": "Standard Oil of New Jersey's Bayway Refinery",
                            "occupation_jobsite_category": "LABORER",
                            "occupation_jobsite_city": "Linden, New Jersey",
                            "occupation_start_date": "01/01/1950",
                            "occupation_end_date": "12/31/1960",
                            "occupation_is_primary": "NO"
                        },
                        {
                            "occupation_title": "LABORER",
                            "occupation_jobsite": "Newark Airport",
                            "occupation_jobsite_category": "LABORER",
                            "occupation_jobsite_city": "Newark, New Jersey",
                            "occupation_start_date": "01/01/1960",
                            "occupation_end_date": "12/31/1975",
                            "occupation_is_primary": "YES"
                        }
                    ],
                    "diagnosis": [
                        {
                            "diagnosis_disease_name": "MESOTHELIOMA",
                            "diagnosis_disease_category": "MESOTHELIOMA",
                            "diagnosis_date": "06/07/2024",
                            "diagnosis_disease_source": "Plaintiff Disease",
                            "diagnosis_is_primary": "YES"
                        }
                    ],
                    "physician": [
                        {
                            "physician_first_name": null,
                            "physician_middle_name": null,
                            "physician_last_name": null,
                            "physician_suffix": null,
                            "physician_role": null,
                            "physician_specialty": null,
                            "date_of_physician_s_report": null,
                            "date_of_physician_s_deposition": null,
                            "physician_is_primary": "FALSE"
                        }
                    ],
                    "tobacco": [
                        {
                            "tobacco_type": null,
                            "tobacco_start_date": null,
                            "tobacco_end_date": null,
                            "tobacco_packs_per_day": null,
                            "tobacco_is_primary": null,
                            "tobacco_comment": null
                        }
                    ],
                    "product_exposure": [],
                    "related_party": [
                        {
                            "related_party_last_name": "Chaparro",
                            "related_party_first_name": "Donativa",
                            "related_party_middle_name": null,
                            "related_party_suffix": null,
                            "related_party_relationship": "SPOUSE",
                            "related_party_legal_capacity": "Surviving Spouse",
                            "related_party_SSN": null,
                            "related_party_birth_date": null
                        },
                        {
                            "related_party_last_name": "Chaparro",
                            "related_party_first_name": "Daisy",
                            "related_party_middle_name": null,
                            "related_party_suffix": null,
                            "related_party_relationship": "ADULT CHILD",
                            "related_party_legal_capacity": "Executor of the Estate",
                            "related_party_SSN": null,
                            "related_party_birth_date": null
                        }
                    ],
                    "injured_party_death_date": "06/07/2024",
                    "injured_party_street": "Carr 411 Km 4.9 Bo Jaguey, Sector Bajio",
                    "injured_party_city": "Aguada",
                    "injured_party_state": "PR",
                    "injured_party_zip": "00602",
                    "injured_party_zip_ext": null,
                    "injured_party_SSN": null,
                    "injured_party_middle_name": "FELICIANO",
                    "injured_party_is_loss_of_consortium_claimed": "Yes",
                    "injured_party_is_wrongful_death_claimed": "YES",
                    "injured_party_individual_docket_number": "empty string",
                    "injured_party_military_member": null,
                    "injured_party_phone_no": null,
                    "injured_party_phone_no_ext": null,
                    "injured_party_deceased": "DECEASED"
                }
            ],
            "defendant_namings": [
                {
                    "defendant_company": "AT&T CORPORATION",
                    "defendant_parent": null
                },
                {
                    "defendant_company": "EXXON MOBIL CORPORATION",
                    "defendant_parent": null
                },
                {
                    "defendant_company": "FOSTER WHEELER, LLC, survivor to a merger with Foster Wheeler Corporation",
                    "defendant_parent": null
                },
                {
                    "defendant_company": "GOULDS PUMPS LLC",
                    "defendant_parent": null
                },
                {
                    "defendant_company": "PARKWAY GENERATION OPERATING LLC",
                    "defendant_parent": null
                },
                {
                    "defendant_company": "PSEG POWER LLC",
                    "defendant_parent": null
                },
                {
                    "defendant_company": "PUBLIC SERVICE ELECTRIC AND GAS COMPANY",
                    "defendant_parent": null
                },
                {
                    "defendant_company": "RILEY POWER INC.",
                    "defendant_parent": null
                },
                {
                    "defendant_company": "VERIZON NEW JERSEY, INC., individually and as successor to New Jersey Bell.",
                    "defendant_parent": null
                },
                {
                    "defendant_company": "AIR & LIQUID SYSTEMS CORPORATION, as successor by merger to Buffalo Pumps, Inc.",
                    "defendant_parent": null
                },
                {
                    "defendant_company": "AO SMITH WATER PRODUCTS COMPANY",
                    "defendant_parent": null
                },
                {
                    "defendant_company": "AURORA PUMP COMPANY",
                    "defendant_parent": null
                },
                {
                    "defendant_company": "BW/IP, INC. and Its Wholly-Owned Subsidiaries",
                    "defendant_parent": null
                },
                {
                    "defendant_company": "CANVAS MW, LLC, formerly known as The Marley-Wylain Company",
                    "defendant_parent": null
                },
                {
                    "defendant_company": "CLYDE UNION INC.",
                    "defendant_parent": null
                },
                {
                    "defendant_company": "CROSBY VALVE, LLC",
                    "defendant_parent": null
                },
                {
                    "defendant_company": "FMC CORPORATION, on behalf of its former Chicago Pump, Peerless Pump and Northern Pump Businesses",
                    "defendant_parent": "FMC CORPORATION"
                },
                {
                    "defendant_company": "GRINNELL LLC",
                    "defendant_parent": null
                },
                {
                    "defendant_company": "ITT LLC f/k/a ITT Corp., Bell & Gossett Co., Kennedy Valve Mfg. Co., Inc., and Hoffman Specialty Manufacturing Co.",
                    "defendant_parent": null
                },
                {
                    "defendant_company": "JENKINS BROS.",
                    "defendant_parent": null
                },
                {
                    "defendant_company": "J-M MANUFACTURING COMPANY, INC.",
                    "defendant_parent": null
                },
                {
                    "defendant_company": "KOHLER CO.",
                    "defendant_parent": null
                },
                {
                    "defendant_company": "REDCO CORPORATION f/k/a Crane Co.",
                    "defendant_parent": null
                },
                {
                    "defendant_company": "RHEEM MANUFACTURING COMPANY",
                    "defendant_parent": null
                },
                {
                    "defendant_company": "TACO, INC.",
                    "defendant_parent": null
                },
                {
                    "defendant_company": "THE PORT AUTHORITY OF NEW YORK AND NEW JERSEY",
                    "defendant_parent": null
                },
                {
                    "defendant_company": "JOHN DOE CORPORATIONS 1 through 50",
                    "defendant_parent": null
                },
                {
                    "defendant_company": "JOHN DOE CORPORATIONS 51 through 100",
                    "defendant_parent": null
                }
            ],
            "jurisdiction": "unknown"
        }
    ]
}