{"file_name": "PACE DEVELOP/547478452.pdf", "file": {"file_sent_from": "CT Corporation", "log_number": "547478452", "file_category_type": "Lawsuit"}, "lawsuit_service": [{"lawsuit_file_date": "07/01/2021", "lawsuit_amendment_number": null, "lawsuit_third_party_company": null, "lawsuit_discovery_included": "NO", "lawsuit_tender_date": null, "lawsuit_service_date": "10/04/2024", "lawsuit_received_date": "10/04/2024", "lawsuit_answer_due_days": "20", "lawsuit_answer_due_date": "10/24/2024", "lawsuit_company_served": "FMC CORPORATION", "lawsuit_allegation": "Product", "lawsuit_summons_date": null, "lawsuit_harmful_material": "ASBESTOS", "lawsuit_administrative": false, "lawsuit_case_caption": "JOHN ORANGE JR., Plaintiff, vs. 4520 CORP., INC., Successor-in- Interest to Benjamin F. Shaw Company, et al.", "lawsuit_damage_descriptions": "Personal Injury", "lawsuit_is_multi_district": null, "lawsuit_jurisdiction": "ST CLAIR", "lawsuit_jurisdiction_state": "IL", "lawsuit_docket_number": "21L0630", "counsel": [{"counsel_firm_name": "SWMW Law, LLC", "counsel_name_of_attorney": "Benjamin R Schmickle", "counsel_type": "Local Plaintiff Counsel", "counsel_primary": "Yes"}], "injured_party": [{"injured_party_last_name": "ORANGE", "injured_party_first_name": "JOHN", "injured_party_suffix": "JR", "injured_party_gender": "Male", "injured_party_plaintiff_type": "Individual", "injured_party_marital_status": "UNKNOWN", "injured_party_birth_date": null, "plaintiff": [{"plaintiff_first_name": "JOHN", "plaintiff_last_name": "ORANGE", "plaintiff_suffix": "JR", "lead_plaintiff_yn": "YES", "plaintiff_legal_capacity": "SELF", "plaintiff_ssn": null, "plaintiff_street": null, "plaintiff_city": null, "plaintiff_state": null, "plaintiff_zip": null, "plaintiff_zip_extension": null, "plaintiff_middle_name": "JR.", "plaintiff_phone_number": null, "plaintiff_phone_number_extension": null}], "occupation_exposure": [{"occupation_title": "UNION INSULATOR", "occupation_jobsite": "WestVaco Papermill, Wickliffe, KY", "occupation_jobsite_category": "OTHER", "occupation_jobsite_city": "Wickliffe", "occupation_start_date": "01/01/1957", "occupation_end_date": "12/31/1980", "occupation_is_primary": "YES"}], "diagnosis": [{"diagnosis_disease_name": "ASBESTOSIS", "diagnosis_disease_category": "NON-MALIGNANT", "diagnosis_date": "06/08/2021", "diagnosis_disease_source": "Plaintiff Disease", "diagnosis_is_primary": "YES"}, {"diagnosis_disease_name": "PULMONARY DISEASE", "diagnosis_disease_category": "UNKNOWN", "diagnosis_date": null, "diagnosis_disease_source": null, "diagnosis_is_primary": "NO"}, {"diagnosis_disease_name": "UNKNOWN", "diagnosis_disease_category": "UNKNOWN", "diagnosis_date": null, "diagnosis_disease_source": null, "diagnosis_is_primary": "NO"}], "physician": [{"physician_first_name": null, "physician_middle_name": null, "physician_last_name": null, "physician_suffix": null, "physician_role": null, "physician_specialty": null, "date_of_physician_s_report": null, "date_of_physician_s_deposition": null, "physician_is_primary": "FALSE"}], "tobacco": [{"tobacco_type": null, "tobacco_start_date": null, "tobacco_end_date": null, "tobacco_packs_per_day": null, "tobacco_is_primary": null, "tobacco_comment": null}], "product_exposure": [{"exposure_product_manufacturer": "FMC CORPORATION", "exposure_product_type": "PUMPS", "exposure_brand": null, "exposure_start_date": "01/01/1957", "exposure_end_date": "12/31/1980", "exposure_is_primary": "true"}], "related_party": [{"related_party_last_name": null, "related_party_first_name": null, "related_party_middle_name": null, "related_party_suffix": null, "related_party_relationship": null, "related_party_legal_capacity": null, "related_party_SSN": null, "related_party_birth_date": null}], "injured_party_death_date": null, "injured_party_street": null, "injured_party_city": null, "injured_party_state": null, "injured_party_zip": null, "injured_party_zip_ext": null, "injured_party_SSN": null, "injured_party_middle_name": "JR.", "injured_party_is_loss_of_consortium_claimed": "No", "injured_party_is_wrongful_death_claimed": "NO", "injured_party_individual_docket_number": null, "injured_party_military_member": null, "injured_party_phone_no": null, "injured_party_phone_no_ext": null, "injured_party_deceased": "UNKNOWN"}], "defendant_namings": [{"defendant_company": "4520 CORP., INC., Successor-in-Interest to Benjamin F. Shaw Company", "defendant_parent": null}, {"defendant_company": "AIR & LIQUID SYSTEMS CORPORATION, Successor-by-Merger to BUFFALO PUMPS, INC.", "defendant_parent": null}, {"defendant_company": "AMEREN ILLINOIS COMPANY", "defendant_parent": null}, {"defendant_company": "AMERON INTERNATIONAL CORPORATION, as Successor-in-Interest to BONDSTRAND", "defendant_parent": null}, {"defendant_company": "A.O. SMITH CORPORATION", "defendant_parent": null}, {"defendant_company": "ARMSTRONG INTERNATIONAL, INC.", "defendant_parent": null}, {"defendant_company": "ARMSTRONG PUMPS, INC.", "defendant_parent": null}, {"defendant_company": "ATWOOD & MORRILL as Successor-in-Interest to WEIR VALVES AND CONTROLS USA INC.", "defendant_parent": null}, {"defendant_company": "AURORA PUMP COMPANY", "defendant_parent": null}, {"defendant_company": "BALL CORPORATION", "defendant_parent": null}, {"defendant_company": "BLACKMER PUMP COMPANY", "defendant_parent": null}, {"defendant_company": "BMI REFRACTORIES SERVICES, INC.", "defendant_parent": null}, {"defendant_company": "BRAND INSULATIONS, INC.", "defendant_parent": null}, {"defendant_company": "BRYAN STEAM LLC", "defendant_parent": null}, {"defendant_company": "BURNHAM LLC", "defendant_parent": null}, {"defendant_company": "BWDAC, INC.", "defendant_parent": null}, {"defendant_company": "BW/IP INC.", "defendant_parent": null}, {"defendant_company": "CAMERON INTERNATIONAL CORPORATION f/k/a COOPER CAMERON CORPORATION", "defendant_parent": null}, {"defendant_company": "CARDINAL INDUSTRIAL INSULATION COMPANY, INC.", "defendant_parent": null}, {"defendant_company": "CHAMPAIGN A & K INSULATION", "defendant_parent": null}, {"defendant_company": "CHICAGO BRIDGE & IRON COMPANY", "defendant_parent": null}, {"defendant_company": "CLARK-RELIANCE CORPORATION", "defendant_parent": null}, {"defendant_company": "CLEAVER-BROOKS, a division of AQUA-CHEM INC.", "defendant_parent": "CLEAVER BROOKS INC"}, {"defendant_company": "COMMONWEALTH EDISON COMPANY", "defendant_parent": null}, {"defendant_company": "COPES-VULCAN, INC.", "defendant_parent": null}, {"defendant_company": "CRANE CO.", "defendant_parent": "REDCO CORPORATION"}, {"defendant_company": "CROWN, CORK & SEAL USA, INC.", "defendant_parent": null}, {"defendant_company": "DAP, INC., k/n/a LA MIRADA PRODUCTS CO., INC.", "defendant_parent": null}, {"defendant_company": "DANIEL INTERNATIONAL CORPORATION", "defendant_parent": null}, {"defendant_company": "DEZURIK, INC.", "defendant_parent": null}, {"defendant_company": "THE DOW CHEMICAL COMPANY", "defendant_parent": null}, {"defendant_company": "DYNEGY ENERGY SERVICES, LLC", "defendant_parent": null}, {"defendant_company": "EICHLEAY CORPORATION", "defendant_parent": null}, {"defendant_company": "ELECTRIC ENERGY, INC.", "defendant_parent": null}, {"defendant_company": "FLOWSERVE CORPORATION f/k/a THE DURIRON COMPANY, INC.", "defendant_parent": null}, {"defendant_company": "FLOWSERVE CORPORATION, Successor-in-Interest to ALDRICH PUMP CO.", "defendant_parent": null}, {"defendant_company": "FLOWSERVE US Inc. as Successor-in-Interest to DURAMETALLIC CORPORATION", "defendant_parent": null}, {"defendant_company": "FLOWSERVE US, INC., Solely as Successor to ROCKWELL MANUFACTURING COMPANY and EDWARD VALVES, INC.", "defendant_parent": null}, {"defendant_company": "FLOWSERVE US, INC., Solely as Successor to ROCKWELL MANUFACTURING COMPANY and NORDSTROM VALVES, INC.", "defendant_parent": null}, {"defendant_company": "FLUOR CORPORATION", "defendant_parent": null}, {"defendant_company": "FLUOR ENTERPRISES, INC.", "defendant_parent": null}, {"defendant_company": "FMC CORPORATION", "defendant_parent": null}, {"defendant_company": "FOSTER WHEELER, LLC AS SURVIVOR TO THE MERGER OF FOSTER WHEELER CORPORATION", "defendant_parent": null}, {"defendant_company": "GARDNER DENVER, INC.", "defendant_parent": null}, {"defendant_company": "GENERAL ELECTRIC COMPANY", "defendant_parent": null}, {"defendant_company": "GOULDS PUMPS LLC", "defendant_parent": null}, {"defendant_company": "GRINNELL LLC", "defendant_parent": null}, {"defendant_company": "GEO. P. REINTJES CO., INC.", "defendant_parent": null}, {"defendant_company": "GOODYEAR TIRE & RUBBER CO.", "defendant_parent": null}, {"defendant_company": "THE GORMAN RUPP COMPANY", "defendant_parent": null}, {"defendant_company": "GREENE TWEED & CO, INC.", "defendant_parent": null}, {"defendant_company": "HERCULES, LLC", "defendant_parent": null}, {"defendant_company": "HONEYWELL INTERNATIONAL, INC., AS SUCCESSOR-IN-INTEREST TO BENDIX CORP.", "defendant_parent": null}, {"defendant_company": "IMO INDUSTRIES INC., INDIVIDUALLY AND AS SUCCESSOR-IN-INTEREST TO DELAVAL STEAM TURBINE COMPANY", "defendant_parent": null}, {"defendant_company": "INDUSTRIAL HOLDINGS CORPORATION f/k/a CARBORUNDUM COMPANY", "defendant_parent": null}, {"defendant_company": "ITT CORPORATION", "defendant_parent": null}, {"defendant_company": "INTERNATIONAL PAPER COMPANY, Individually as Successor-in-Interest to U.S. PLYWOOD CORPORATION and CHAMPION INTERNATIONAL CORPORATION", "defendant_parent": null}, {"defendant_company": "JAMES WALKER MFG. CO.", "defendant_parent": null}, {"defendant_company": "JOHNSON CONTROLS, INC.", "defendant_parent": null}, {"defendant_company": "JOHN CRANE, INC.", "defendant_parent": null}, {"defendant_company": "JOSEPH OAT CORPORATION", "defendant_parent": null}, {"defendant_company": "KELLY-MOORE PAINT COMPANY, INC.", "defendant_parent": null}, {"defendant_company": "The KREZ GROUP Individually and as Successor in Interest to PAUL J. KREZ COMPANY", "defendant_parent": null}, {"defendant_company": "KROGH PUMP COMPANY, INC.", "defendant_parent": null}, {"defendant_company": "LUSE-STEVENSON CO.", "defendant_parent": null}, {"defendant_company": "MARATHON OIL COMPANY", "defendant_parent": "U. S. STEEL CORPORATION"}, {"defendant_company": "MEADWESTVACO CORPORATION, as Successor-in-Interest to THE MEAD CORPORATION", "defendant_parent": null}, {"defendant_company": "METROPOLITAN LIFE INSURANCE CO.", "defendant_parent": null}, {"defendant_company": "MIDWEST GENERATION EME", "defendant_parent": null}, {"defendant_company": "MILTON ROY, LLC", "defendant_parent": null}, {"defendant_company": "MILWAUKEE VALVE COMPANY, INC.", "defendant_parent": null}, {"defendant_company": "MORSE TEC, LLC F/K/A BORGWARNER MORSE TEC, LLC and Successor-in-interest to BORGWARNER CORPORATION", "defendant_parent": null}, {"defendant_company": "THE NASH ENGINEERING COMPANY", "defendant_parent": null}, {"defendant_company": "NOOTER CORPORATION", "defendant_parent": null}, {"defendant_company": "PNEUMO ABEX, LLC, as Successor-in-Interest to ABEX CORPORATION", "defendant_parent": null}, {"defendant_company": "RILEY STOKER CORPORATION", "defendant_parent": null}, {"defendant_company": "RESCO HOLDINGS LLC Successor-in-Interest to MW KELLOGG COMPANY", "defendant_parent": null}, {"defendant_company": "RIC-WIL INCORPORATED", "defendant_parent": null}, {"defendant_company": "RUST INTERNATIONAL, INC.", "defendant_parent": null}, {"defendant_company": "SANTA FE BRAUN INC.", "defendant_parent": null}, {"defendant_company": "SARGENT & LUNDY, LLC", "defendant_parent": null}, {"defendant_company": "SOUTHERN ILLINOIS POWER COOPERATIVE", "defendant_parent": null}, {"defendant_company": "SPX CORPORATION, on behalf of WAUKESHA PUMPS", "defendant_parent": null}, {"defendant_company": "SPX CORPORATION AS SUCCESSOR-IN-INTEREST TO UNION PUMPS AND CLYDE PUMPS N/K/A CLYDE UNION PUMPS AN SPX BRAND", "defendant_parent": null}, {"defendant_company": "SPX COOLING TECHNOLOGIES, INC. f/k/a MARLEY COOLING TECHNOLOGIES INC., f/k/a THE MARLEY COOLING TOWER COMPANY", "defendant_parent": null}, {"defendant_company": "STRAHMAN VALVES, INC.", "defendant_parent": null}, {"defendant_company": "SULZER PUMPS (US) INC, INDIVIDUALLY AND AS SUCCESSOR-IN-INTEREST TO BINGHAM PUMPS", "defendant_parent": null}, {"defendant_company": "SUPERIOR BOILER WORKS, INC.", "defendant_parent": null}, {"defendant_company": "SWENSON TECHONOLOGY, INC", "defendant_parent": null}, {"defendant_company": "TEXAS GAS TRANSMISSION, LLC", "defendant_parent": null}, {"defendant_company": "TRANSCO INC.", "defendant_parent": null}, {"defendant_company": "TRIANGLE ENTERPRISES, INC.", "defendant_parent": null}, {"defendant_company": "UNION CARBIDE CORPORATION", "defendant_parent": null}, {"defendant_company": "URS CORPORATION, ultimate parent of URS ENERGY AND CONSTRUCTION, INC., f/k/a WASHINGTON GROUP INTERNATIONAL, INC., f/k/a MORRISON KNUDSEN CORPORATION, as Successor-in-Interest to UNITED ENGINEERS AND CONSTRUCTORS, STEARNS-ROGER, EBASCO, LITWIN, H.K. FERGUSON, AND RAYTHEON ENGINEERING & CONSTRUCTORS", "defendant_parent": null}, {"defendant_company": "VIACOMCBS INC., f/k/a CBS Corporation, a Delaware corporation, f/k/a Viacom Inc., successor-by-merger to CBS Corporation, a Pennsylvania corporation, f/k/a Westinghouse Electric Corporation", "defendant_parent": null}, {"defendant_company": "VELAN VALVE CORPORATION", "defendant_parent": null}, {"defendant_company": "VIKING PUMP, INC.", "defendant_parent": "IDEX CORPORATION"}, {"defendant_company": "WARREN PUMPS, LLC., F/K/A WARREN PUMPS, INC.", "defendant_parent": null}, {"defendant_company": "WATTS WATER TECHNOLOGIES, INC., FOR IT'S MUELLER STEAM DIVISION", "defendant_parent": null}, {"defendant_company": "WEIL-MCLAIN COMPANY, INC.", "defendant_parent": null}, {"defendant_company": "WELCO MANUFACTURING COMPANY", "defendant_parent": null}, {"defendant_company": "THE WILLIAM POWELL COMPANY", "defendant_parent": null}, {"defendant_company": "YORK INTERNATIONAL CORPORATION", "defendant_parent": null}, {"defendant_company": "YOUNG INSULATION GROUP OF ROBINSON, INC.", "defendant_parent": null}, {"defendant_company": "YUBA HEAT TRANSFER LLC", "defendant_parent": null}, {"defendant_company": "ZURN INDUSTRIES, LLC", "defendant_parent": null}], "jurisdiction": "unknown"}]}