{"file_name": "PACE DEVELOP/547474836.pdf", "file": {"file_sent_from": "CT Corporation", "file_category_type": "Lawsuit", "log_number": "547474836"}, "lawsuit_service": [{"lawsuit_allegation": "Product and Premises", "lawsuit_is_multi_district": null, "lawsuit_tender_date": null, "lawsuit_discovery_included": "NO", "lawsuit_third_party_company": null, "lawsuit_harmful_material": "ASBESTOS", "lawsuit_jurisdiction": "MCLEAN", "lawsuit_damage_descriptions": "Personal Injury", "lawsuit_company_served": "FOSECO, INC.", "lawsuit_file_date": "02/27/2023", "lawsuit_summons_date": "10/04/2024", "lawsuit_service_date": "10/04/2024", "lawsuit_received_date": "10/04/2024", "lawsuit_answer_due_days": "30", "lawsuit_answer_due_date": "11/03/2024", "lawsuit_amendment_number": "000", "lawsuit_case_caption": "MARCIA WEBER and DANIEL WEBER, Plaintiffs, vs. AIR & LIQUID SYSTEMS CORPORATION", "lawsuit_administrative": "FALSE", "lawsuit_jurisdiction_state": "IL", "lawsuit_docket_number": "2023LA000021", "counsel": [{"counsel_firm_name": "WYLDER CORWIN KELLY, LLP", "counsel_name_of_attorney": "STEPHEN F WOOD", "counsel_type": "Local Plaintiff Counsel", "counsel_primary": "Yes"}], "injured_party": [{"injured_party_last_name": "WEBER", "injured_party_first_name": "MARCIA", "injured_party_suffix": null, "injured_party_gender": "Female", "injured_party_plaintiff_type": "Individual", "injured_party_marital_status": "MARRIED", "injured_party_birth_date": null, "plaintiff": [{"plaintiff_first_name": "MARCIA", "plaintiff_last_name": "WEBER", "plaintiff_suffix": null, "lead_plaintiff_yn": "YES", "plaintiff_legal_capacity": "SELF", "plaintiff_ssn": null, "plaintiff_street": null, "plaintiff_city": null, "plaintiff_state": null, "plaintiff_zip": null, "plaintiff_zip_extension": null, "plaintiff_middle_name": null, "plaintiff_phone_number": null, "plaintiff_phone_number_extension": null}, {"plaintiff_first_name": "DANIEL", "plaintiff_last_name": "WEBER", "plaintiff_suffix": null, "lead_plaintiff_yn": "NO", "plaintiff_legal_capacity": "SPOUSE", "plaintiff_ssn": null, "plaintiff_street": null, "plaintiff_city": null, "plaintiff_state": null, "plaintiff_zip": null, "plaintiff_zip_extension": null, "plaintiff_middle_name": null, "plaintiff_phone_number": null, "plaintiff_phone_number_extension": null}], "occupation_exposure": [{"occupation_title": "UNKNOWN", "occupation_jobsite": "Bridgestone/Firestone", "occupation_jobsite_category": "UNKNOWN OCCUPATION CATEGORY", "occupation_jobsite_city": "Decatur, IL", "occupation_start_date": "01/01/1960", "occupation_end_date": "12/31/1990", "occupation_is_primary": "YES"}], "diagnosis": [{"diagnosis_disease_name": "LUNG CANCER", "diagnosis_disease_category": "LUNG CANCER", "diagnosis_date": "11/01/2022", "diagnosis_disease_source": "Plaintiff Disease", "diagnosis_is_primary": "YES"}, {"diagnosis_disease_name": "PULMONARY FIBROSIS", "diagnosis_disease_category": "UNKNOWN", "diagnosis_date": null, "diagnosis_disease_source": "Plaintiff Disease", "diagnosis_is_primary": "NO"}, {"diagnosis_disease_name": "ASBESTOSIS", "diagnosis_disease_category": "UNKNOWN", "diagnosis_date": null, "diagnosis_disease_source": "Plaintiff Disease", "diagnosis_is_primary": "NO"}], "physician": [{"physician_first_name": null, "physician_middle_name": null, "physician_last_name": null, "physician_suffix": null, "physician_role": null, "physician_specialty": null, "date_of_physician_s_report": null, "date_of_physician_s_deposition": null, "physician_is_primary": "FALSE"}], "tobacco": [{"tobacco_type": null, "tobacco_start_date": null, "tobacco_end_date": null, "tobacco_packs_per_day": null, "tobacco_is_primary": null, "tobacco_comment": null}], "product_exposure": [{"exposure_product_manufacturer": "AGCO CORPORATION", "exposure_product_type": "DIESEL ENGINE DRIVERS", "exposure_brand": null, "exposure_start_date": "01/01/1960", "exposure_end_date": "12/31/1960", "exposure_is_primary": null}, {"exposure_product_manufacturer": "FOSECO, INC.", "exposure_product_type": "HOT-TOP PRODUCTS", "exposure_brand": null, "exposure_start_date": "01/01/1960", "exposure_end_date": "12/31/1960", "exposure_is_primary": null}], "related_party": [{"related_party_last_name": "WEBER", "related_party_first_name": "DANIEL", "related_party_middle_name": null, "related_party_suffix": null, "related_party_relationship": "SPOUSE", "related_party_legal_capacity": null, "related_party_SSN": null, "related_party_birth_date": null}], "injured_party_death_date": null, "injured_party_street": "200 AMERICAN METRO BLVD STE 129", "injured_party_city": "HAMILTON", "injured_party_state": "NJ", "injured_party_zip": "08619", "injured_party_zip_ext": "2320", "injured_party_SSN": null, "injured_party_middle_name": null, "injured_party_is_loss_of_consortium_claimed": "Yes", "injured_party_is_wrongful_death_claimed": "NO", "injured_party_individual_docket_number": null, "injured_party_military_member": null, "injured_party_phone_no": null, "injured_party_phone_no_ext": null, "injured_party_deceased": "UNKNOWN"}, {"injured_party_last_name": "WEBER", "injured_party_first_name": "DANIEL", "injured_party_suffix": null, "injured_party_gender": "Male", "injured_party_plaintiff_type": "Individual", "injured_party_marital_status": "MARRIED", "injured_party_birth_date": null, "plaintiff": [{"plaintiff_first_name": "MARCIA", "plaintiff_last_name": "WEBER", "plaintiff_suffix": null, "lead_plaintiff_yn": "YES", "plaintiff_legal_capacity": "SELF", "plaintiff_ssn": null, "plaintiff_street": null, "plaintiff_city": null, "plaintiff_state": null, "plaintiff_zip": null, "plaintiff_zip_extension": null, "plaintiff_middle_name": null, "plaintiff_phone_number": null, "plaintiff_phone_number_extension": null}, {"plaintiff_first_name": "DANIEL", "plaintiff_last_name": "WEBER", "plaintiff_suffix": null, "lead_plaintiff_yn": "NO", "plaintiff_legal_capacity": "SPOUSE", "plaintiff_ssn": null, "plaintiff_street": null, "plaintiff_city": null, "plaintiff_state": null, "plaintiff_zip": null, "plaintiff_zip_extension": null, "plaintiff_middle_name": null, "plaintiff_phone_number": null, "plaintiff_phone_number_extension": null}], "occupation_exposure": [{"occupation_title": "UNKNOWN", "occupation_jobsite": "Hull Tool & Die Co.", "occupation_jobsite_category": "UNKNOWN OCCUPATION CATEGORY", "occupation_jobsite_city": "Mt. Zion, IL", "occupation_start_date": "01/01/1960", "occupation_end_date": "12/31/1960", "occupation_is_primary": "NO"}, {"occupation_title": "ELECTRICIAN", "occupation_jobsite": "A.E. Staley's", "occupation_jobsite_category": "ELECTRICIAN", "occupation_jobsite_city": "Decatur, IL", "occupation_start_date": "01/01/1987", "occupation_end_date": "12/31/1999", "occupation_is_primary": "NO"}, {"occupation_title": "UNKNOWN", "occupation_jobsite": "Borg-Warner York Auto Products", "occupation_jobsite_category": "UNKNOWN OCCUPATION CATEGORY", "occupation_jobsite_city": "Decatur, IL", "occupation_start_date": "01/01/1968", "occupation_end_date": "12/31/1987", "occupation_is_primary": "YES"}], "diagnosis": [{"diagnosis_disease_name": "LUNG CANCER", "diagnosis_disease_category": "LUNG CANCER", "diagnosis_date": "11/01/2022", "diagnosis_disease_source": "Plaintiff Disease", "diagnosis_is_primary": "YES"}, {"diagnosis_disease_name": "OTHER CANCER", "diagnosis_disease_category": "OTHER CANCER", "diagnosis_date": "11/01/2022", "diagnosis_disease_source": "Plaintiff Disease", "diagnosis_is_primary": "NO"}, {"diagnosis_disease_name": "ASBESTOSIS", "diagnosis_disease_category": "UNKNOWN", "diagnosis_date": null, "diagnosis_disease_source": "Plaintiff Disease", "diagnosis_is_primary": "NO"}], "physician": [{"physician_first_name": null, "physician_middle_name": null, "physician_last_name": null, "physician_suffix": null, "physician_role": null, "physician_specialty": null, "date_of_physician_s_report": null, "date_of_physician_s_deposition": null, "physician_is_primary": "FALSE"}], "tobacco": [{"tobacco_type": null, "tobacco_start_date": null, "tobacco_end_date": null, "tobacco_packs_per_day": null, "tobacco_is_primary": null, "tobacco_comment": null}], "product_exposure": [{"exposure_product_manufacturer": "FOSECO, INC.", "exposure_product_type": "PUMPS", "exposure_brand": null, "exposure_start_date": "01/01/1960", "exposure_end_date": "12/31/1960", "exposure_is_primary": "true"}, {"exposure_product_manufacturer": "FOSECO, INC.", "exposure_product_type": "GASKETS", "exposure_brand": null, "exposure_start_date": "01/01/1960", "exposure_end_date": "12/31/1960", "exposure_is_primary": "true"}], "related_party": [{"related_party_last_name": "WEBER", "related_party_first_name": "MARCIA", "related_party_middle_name": null, "related_party_suffix": null, "related_party_relationship": "SPOUSE", "related_party_legal_capacity": null, "related_party_SSN": null, "related_party_birth_date": null}], "injured_party_death_date": null, "injured_party_street": null, "injured_party_city": null, "injured_party_state": null, "injured_party_zip": null, "injured_party_zip_ext": null, "injured_party_SSN": null, "injured_party_middle_name": null, "injured_party_is_loss_of_consortium_claimed": "Yes", "injured_party_is_wrongful_death_claimed": "NO", "injured_party_individual_docket_number": null, "injured_party_military_member": null, "injured_party_phone_no": null, "injured_party_phone_no_ext": null, "injured_party_deceased": "UNKNOWN"}], "defendant_namings": [{"defendant_company": "AIR & LIQUID SYSTEMS CORPORATION as successor to Buffalo Pumps, Inc.", "defendant_parent": null}, {"defendant_company": "AURORA PUMP COMPANY", "defendant_parent": null}, {"defendant_company": "BRAND INSULATIONS, INC.", "defendant_parent": null}, {"defendant_company": "BW/IP INC., successor to BW/IP International, Inc., f/k/a Byron Jackson Pumps", "defendant_parent": null}, {"defendant_company": "CANVAS CT, LLC as successor to The Marley Cooling Tower Company", "defendant_parent": null}, {"defendant_company": "CARRIER CORPORATION", "defendant_parent": null}, {"defendant_company": "CATERPILLAR, INC.", "defendant_parent": null}, {"defendant_company": "CBS CORPORATION f/k/a VIACOM, Inc., by merger to CBS Corporation f/k/a Westinghouse Electric Corp.", "defendant_parent": null}, {"defendant_company": "CLEAVER BROOKS, INC.", "defendant_parent": null}, {"defendant_company": "EATON CORPORATION", "defendant_parent": null}, {"defendant_company": "E. I. DuPont de NEMOURS AND COMPANY", "defendant_parent": null}, {"defendant_company": "FLOWSERVE CORPORATION, f/k/a Duriron Company, Inc., and as successor to Byron Jackson Pump Division, Durco, and BW/IP International, Inc.", "defendant_parent": null}, {"defendant_company": "FLOWSERVE U.S., INC., as Successor to EDWARD VALVES, INC.", "defendant_parent": null}, {"defendant_company": "FMC CORPORATION, individually and as successor to Peerless Pumps and Northern Pump Company", "defendant_parent": "FMC CORPORATION"}, {"defendant_company": "FOSTER WHEELER ENERGY CORP.", "defendant_parent": null}, {"defendant_company": "GARDNER DENVER, INC.", "defendant_parent": null}, {"defendant_company": "GENERAL ELECTRIC COMPANY", "defendant_parent": null}, {"defendant_company": "GENERAL GASKET CORPORATION", "defendant_parent": null}, {"defendant_company": "GOULDS PUMPS, INC.", "defendant_parent": null}, {"defendant_company": "HERCULES LLC", "defendant_parent": null}, {"defendant_company": "HONEYWELL INTERNATIONAL, INC.", "defendant_parent": null}, {"defendant_company": "HYSTER-YALE GROUP", "defendant_parent": null}, {"defendant_company": "IMO INDUSTRIES, INC.", "defendant_parent": null}, {"defendant_company": "ITT CORPORATION", "defendant_parent": null}, {"defendant_company": "JOHN CRANE, INC.", "defendant_parent": null}, {"defendant_company": "JOHNSTON BOILER COMPANY", "defendant_parent": null}, {"defendant_company": "LAMIRADA PRODUCTS CO. INC.", "defendant_parent": null}, {"defendant_company": "McMASTER-CARR SUPPLY CO.", "defendant_parent": null}, {"defendant_company": "METROPOLITAN LIFE INSURANCE COMPANY", "defendant_parent": null}, {"defendant_company": "MORSE TEC LLC, (as successor by merger to Borg Warner Corp.)", "defendant_parent": null}, {"defendant_company": "PNEUMO ABEX, LLC", "defendant_parent": null}, {"defendant_company": "PPG INDUSTRIES, INC.", "defendant_parent": null}, {"defendant_company": "REDCO CORPORATION f/k/a Crane Co.", "defendant_parent": null}, {"defendant_company": "RHEEM MANUFACTURING COMPANY", "defendant_parent": null}, {"defendant_company": "RILEY POWER, INC., f/k/a Riley Stoker Corp.", "defendant_parent": null}, {"defendant_company": "ROCKWELL AUTOMATION", "defendant_parent": null}, {"defendant_company": "SCHNEIDER ELECTRIC (USA), INC. (f/k/a SQUARE D COMPANY)", "defendant_parent": null}, {"defendant_company": "SPRINKMANN SONS CORPORATION", "defendant_parent": null}, {"defendant_company": "STERLING FLUID SYSTEMS (USA) LLC", "defendant_parent": "FMC CORPORATION"}, {"defendant_company": "SULZER PUMP (US) INC.", "defendant_parent": null}, {"defendant_company": "SUPERIOR BOILER WORKS, INC.", "defendant_parent": null}, {"defendant_company": "TATE & LYLE INGREDIENTS AMERICAS LLC", "defendant_parent": null}, {"defendant_company": "UNION CARBIDE CORPORATION", "defendant_parent": null}, {"defendant_company": "VIKING PUMP, INC.", "defendant_parent": "IDEX CORPORATION"}, {"defendant_company": "WARREN PUMPS LLC", "defendant_parent": null}, {"defendant_company": "YORK INTERNATIONAL CORPORATION", "defendant_parent": null}, {"defendant_company": "ZURN INDUSTRIES LLC", "defendant_parent": null}, {"defendant_company": "AFC-HOLCROFT, LLC", "defendant_parent": null}, {"defendant_company": "AGCO CORPORATION", "defendant_parent": null}, {"defendant_company": "A. O. SMITH CORPORATION", "defendant_parent": null}, {"defendant_company": "A.W. CHESTERTON COMPANY", "defendant_parent": null}, {"defendant_company": "BALTIMORE AIRCOIL COMPANY, INC.", "defendant_parent": null}, {"defendant_company": "CANVAS MW, LLC f/k/a The Marley-Wylain Company, LLC", "defendant_parent": null}, {"defendant_company": "CLARK EQUIPMENT COMPANY n/k/a Doosan Bobcat North America, Inc.", "defendant_parent": null}, {"defendant_company": "CLYDE UNION, INC.", "defendant_parent": null}, {"defendant_company": "CUMMINS INC.", "defendant_parent": null}, {"defendant_company": "HONEYWELL INC.", "defendant_parent": null}, {"defendant_company": "KAISER GYPSUM COMPANY, INC.", "defendant_parent": null}, {"defendant_company": "LINDBERG", "defendant_parent": null}, {"defendant_company": "MORRISON BROS. CO.", "defendant_parent": null}, {"defendant_company": "RCH NEWCO II", "defendant_parent": null}, {"defendant_company": "RESEARCH-COTTRELL, INC., n/k/a AWT Air Company, Inc.", "defendant_parent": null}, {"defendant_company": "TACO, INC.", "defendant_parent": null}], "jurisdiction": "unknown"}]}